name,level,regular,strike,slash,thrust,magic,fire,lightning,bleed,poison,curse,poise
Antiquated Dress,0,14.0,14.0,14.0,14.0,33.0,6.0,19.0,14.0,14.0,26.0,0.0
Antiquated Dress,1,15.1,15.1,15.1,15.1,35.6,6.5,20.5,14.7,14.7,27.3,0.0
Antiquated Dress,2,16.7,16.7,16.7,16.7,39.3,7.1,22.6,15.3,15.3,28.3,0.0
Antiquated Dress,3,18.1,18.1,18.1,18.1,42.6,7.7,24.6,16.0,16.0,29.6,0.0
Antiquated Dress,4,19.5,19.5,19.5,19.5,45.9,8.3,26.4,16.5,16.5,30.7,0.0
Antiquated Dress,5,21.7,21.7,21.7,21.7,51.1,9.3,29.4,17.8,17.8,33.0,0.0
Antiquated Gloves,0,8.0,8.0,8.0,8.0,19.0,3.0,11.0,8.0,8.0,16.0,0.0
Antiquated Gloves,1,8.6,8.6,8.6,8.6,20.5,3.2,11.9,8.4,8.4,16.8,0.0
Antiquated Gloves,2,9.5,9.5,9.5,9.5,22.6,3.6,13.1,8.7,8.7,17.4,0.0
Antiquated Gloves,3,10.3,10.3,10.3,10.3,24.5,3.9,14.2,9.1,9.1,18.2,0.0
Antiquated Gloves,4,11.1,11.1,11.1,11.1,26.4,4.2,15.3,9.4,9.4,18.9,0.0
Antiquated Gloves,5,12.4,12.4,12.4,12.4,29.4,4.6,17.0,10.2,10.2,20.3,0.0
Antiquated Skirt,0,15.0,15.0,15.0,15.0,35.0,17.0,21.0,20.0,20.0,51.0,0.0
Antiquated Skirt,1,16.2,16.2,16.2,16.2,37.8,18.4,22.7,21.0,21.0,54.6,0.0
Antiquated Skirt,2,17.9,17.9,17.9,17.9,41.7,20.2,25.0,21.8,21.8,56.7,0.0
Antiquated Skirt,3,19.3,19.3,19.3,19.3,45.1,21.9,27.1,22.8,22.8,59.3,0.0
Antiquated Skirt,4,20.9,20.9,20.9,20.9,48.6,23.6,29.2,23.6,23.6,61.4,0.0
Antiquated Skirt,5,23.2,23.2,23.2,23.2,54.2,26.3,32.5,25.4,25.4,66.0,0.0
Armor of Artorias,0,42.0,37.8,48.3,44.1,22.0,46.0,22.0,22.0,22.0,20.0,15.0
Armor of Artorias,1,45.4,40.8,52.2,47.6,23.8,49.7,23.8,23.1,23.1,21.0,15.0
Armor of Artorias,2,50.0,45.0,57.5,52.5,26.2,54.7,26.2,24.0,24.0,21.8,15.0
Armor of Artorias,3,54.2,48.8,62.3,56.9,28.4,59.3,28.4,25.1,25.1,22.8,15.0
Armor of Artorias,4,58.4,52.5,67.1,61.3,30.6,63.9,30.6,26.0,26.0,23.6,15.0
Armor of Artorias,5,65.1,58.6,74.9,68.4,34.1,71.3,34.1,27.9,27.9,25.4,15.0
Armor of the Sun,0,35.0,35.0,35.0,34.3,21.0,21.0,19.0,23.0,16.0,10.0,16.0
Armor of the Sun,1,38.5,38.5,38.5,37.7,23.1,23.1,20.9,23.0,16.0,10.0,16.0
Armor of the Sun,2,42.0,42.0,42.0,41.2,25.2,25.2,22.8,23.0,16.0,10.0,16.0
Armor of the Sun,3,45.5,45.5,45.5,44.6,27.3,27.3,24.7,23.0,16.0,10.0,16.0
Armor of the Sun,4,50.0,50.0,50.0,49.0,30.0,30.0,27.2,24.1,16.8,10.5,16.0
Armor of the Sun,5,54.6,54.6,54.6,53.5,32.8,32.8,29.6,25.3,17.6,11.0,16.0
Armor of the Sun,6,59.2,59.2,59.2,58.0,35.5,35.5,32.1,26.4,18.4,11.5,16.0
Armor of the Sun,7,64.7,64.7,64.7,63.5,38.9,38.9,35.2,27.6,19.2,12.0,16.0
Armor of the Sun,8,70.3,70.3,70.3,68.9,42.2,42.2,38.2,28.7,20.0,12.5,16.0
Armor of the Sun,9,76.0,76.0,76.0,74.4,45.6,45.6,41.2,29.9,20.8,13.0,16.0
Armor of the Sun,10,84.7,84.7,84.7,83.0,50.8,50.8,46.0,32.2,22.4,14.0,16.0
Armor of Thorns,0,45.0,42.7,49.1,45.0,28.0,33.0,20.0,26.0,18.0,0,16.0
Armor of Thorns,1,48.6,46.2,53.0,48.6,30.2,35.6,21.6,27.3,18.9,0,16.0
Armor of Thorns,2,53.6,50.9,68.4,53.6,33.3,39.3,23.8,28.3,19.6,0,16.0
Armor of Thorns,3,58.0,55.1,63.3,58.0,36.1,42.6,25.8,29.6,20.5,0,16.0
Armor of Thorns,4,62.5,59.4,68.2,62.5,38.9,45.9,27.8,30.7,21.2,0,16.0
Armor of Thorns,5,69.7,66.3,76.0,69.7,43.4,51.1,31.0,33.0,22.9,0,16.0
Balder Armor,0,37.0,36.3,45.1,35.5,15.0,18.0,15.0,20.0,16.0,0,16.0
Balder Armor,1,40.7,39.9,49.7,39.1,16.5,19.8,16.5,20.0,16.0,0,16.0
Balder Armor,2,44.4,43.5,54.2,42.6,18.0,21.6,18.0,20.0,16.0,0,16.0
Balder Armor,3,48.1,47.1,58.7,46.2,19.5,23.4,19.5,20.0,16.0,0,16.0
Balder Armor,4,52.9,51.9,64.6,50.8,21.4,25.7,21.4,21.0,16.8,0,16.0
Balder Armor,5,57.7,56.6,70.4,55.4,23.4,28.1,23.4,22.0,17.6,0,16.0
Balder Armor,6,62.5,61.3,76.3,60.0,25.4,30.4,25.4,23.0,18.4,0,16.0
Balder Armor,7,68.5,67.1,83.5,65.7,27.7,33.3,27.7,24.0,19.2,0,16.0
Balder Armor,8,74.4,72.9,90.7,71.4,30.1,36.2,30.1,25.0,20.0,0,16.0
Balder Armor,9,80.3,78.7,98.0,77.1,32.6,39.1,32.6,26.0,20.8,0,16.0
Balder Armor,10,89.5,87.7,109.2,86.0,36.3,43.6,36.3,28.0,22.4,0,16.0
Balder Gauntlets,0,17.0,16.7,20.7,16.3,7.0,8.0,5.0,6.0,5.0,0,5.0
Balder Gauntlets,1,18.7,18.3,22.8,18.0,7.7,8.8,5.5,6.0,5.0,0,5.0
Balder Gauntlets,2,20.4,20.0,24.9,19.6,8.4,9.6,6.0,6.0,5.0,0,5.0
Balder Gauntlets,3,22.1,21.7,27.0,21.2,9.1,10.4,6.5,6.0,5.0,0,5.0
Balder Gauntlets,4,24.3,23.8,29.7,23.3,10.0,11.4,7.2,6.3,5.2,0,5.0
Balder Gauntlets,5,26.4,26.0,32.4,25.5,10.9,12.5,7.8,6.6,5.5,0,5.0
Balder Gauntlets,6,28.7,28.2,35.1,27.6,11.8,13.5,8.5,6.9,5.7,0,5.0
Balder Gauntlets,7,31.5,30.8,38.4,30.2,12.9,14.8,9.2,7.2,6.0,0,5.0
Balder Gauntlets,8,34.2,33.5,41.7,32.8,14.1,16.1,10.1,7.5,6.2,0,5.0
Balder Gauntlets,9,36.9,36.2,45.0,35.4,15.2,17.4,10.9,7.8,6.5,0,5.0
Balder Gauntlets,10,41.1,40.3,50.2,39.5,16.9,19.4,12.1,8.4,7.0,0,5.0
Balder Helm,0,14.0,13.7,17.1,13.4,6.0,8.0,6.0,8.0,6.0,0,6.0
Balder Helm,1,15.4,15.1,18.1,14.8,6.6,8.8,6.6,8.0,6.0,0,6.0
Balder Helm,2,16.8,16.5,20.5,16.1,7.2,9.6,7.2,8.0,6.0,0,6.0
Balder Helm,3,18.2,17.8,22.2,17.5,7.8,10.4,7.8,8.0,6.0,0,6.0
Balder Helm,4,20.0,19.6,24.4,19.2,8.6,11.4,8.6,8.4,6.3,0,6.0
Balder Helm,5,21.8,21.4,26.6,21.0,9.4,12.5,9.4,8.8,6.6,0,6.0
Balder Helm,6,23.7,23.2,28.9,22.7,10.1,13.5,10.1,9.2,6.9,0,6.0
Balder Helm,7,25.9,25.4,31.6,24.9,11.1,14.8,11.1,9.6,7.2,0,6.0
Balder Helm,8,28.1,27.6,34.3,27.0,12.1,16.1,12.1,10.0,7.5,0,6.0
Balder Helm,9,30.4,29.8,37.1,29.2,13.0,17.4,13.0,10.4,7.8,0,6.0
Balder Helm,10,33.9,33.2,41.3,32.5,14.5,19.4,14.5,12.2,8.4,0,6.0
Balder Leggings,0,22.0,21.6,26.8,21.1,12.0,14.0,9.0,12.0,9.0,0,9.0
Balder Leggings,1,24.2,23.7,29.5,23.2,13.2,15.4,9.9,12.0,9.0,0,9.0
Balder Leggings,2,26.4,25.9,32.2,25.3,14.4,16.8,10.8,12.0,9.0,0,9.0
Balder Leggings,3,28.6,28.0,34.9,27.5,15.6,18.2,11.7,12.0,9.0,0,9.0
Balder Leggings,4,31.5,30.8,38.4,30.2,17.2,20.0,12.9,12.6,9.5,0,9.0
Balder Leggings,5,34.3,33.6,41.9,32.9,18.7,21.8,14.0,13.2,9.9,0,9.0
Balder Leggings,6,37.2,36.4,45.4,35.7,20.3,23.7,15.2,13.8,10.3,0,9.0
Balder Leggings,7,40.7,39.9,49.7,39.1,18.5,22.2,16.6,14.4,10.8,0,9.0
Balder Leggings,8,44.2,23.3,53.9,42.5,20.1,24.1,18.1,15.0,11.2,0,9.0
Balder Leggings,9,47.7,46.8,58.2,45.8,26.0,30.4,19.5,15.6,11.7,0,9.0
Balder Leggings,10,53.2,52.2,65.0,51.1,29.0,33.9,21.8,16.8,12.6,0,9.0
Big Hat,0,14.0,15.4,15.4,12.6,43.0,7.0,17.0,13.0,13.0,0,0.0
Big Hat,1,15.1,16.6,16.6,13.6,46.4,7.6,18.4,13.7,13.7,0,0.0
Big Hat,2,16.7,18.3,18.3,15.0,51.2,8.3,20.2,14.2,14.2,0,0.0
Big Hat,3,18.1,19.9,19.9,16.3,55.5,9.0,21.9,14.8,14.8,0,0.0
Big Hat,4,19.5,21.4,21.4,17.5,59.8,9.7,23.6,15.3,15.3,0,0.0
Big Hat,5,21.7,23.9,23.9,19.5,66.7,10.8,26.3,16.5,16.5,0,0.0
Black Cleric Robe,0,23.0,25.1,23.0,23.0,29.0,25.0,19.0,22.0,22.0,13.0,0.0
Black Cleric Robe,1,24.8,27.1,24.8,24.8,31.3,27.0,20.5,23.1,23.1,13.7,0.0
Black Cleric Robe,2,27.4,29.8,27.4,27.4,34.5,29.8,22.6,24.0,24.0,14.2,0.0
Black Cleric Robe,3,29.7,32.3,29.7,29.7,37.4,32.2,24.5,25.1,25.1,14.8,0.0
Black Cleric Robe,4,32.0,34.8,32.0,32.0,40.3,34.7,26.4,26.0,26.0,15.3,0.0
Black Cleric Robe,5,35.6,38.9,35.6,35.6,44.9,38.8,29.4,27.9,27.9,16.5,0.0
Black Iron Armor,0,68.0,64.6,78.2,68.0,30.0,51.0,21.0,43.0,25.0,13.0,31.0
Black Iron Armor,1,73.4,69.8,84.5,73.4,32.4,55.1,22.7,45.1,26.2,13.6,31.0
Black Iron Armor,2,80.9,76.9,93.1,80.9,35.7,60.7,25.0,46.9,27.2,14.2,31.0
Black Iron Armor,3,87.7,83.3,100.9,87.7,38.7,65.8,27.1,49.0,28.5,14.8,31.0
Black Iron Armor,4,94.5,89.8,108.7,94.5,41.7,70.9,29.2,50.7,29.5,15.3,31.0
Black Iron Armor,5,105.4,100.1,121.2,105.4,46.5,79.0,32.6,54.6,31.7,16.5,31.0
Black Iron Gauntlets,0,40.0,38.0,46.0,40.0,17.0,30.0,13.0,25.0,14.0,8.0,18.0
Black Iron Gauntlets,1,43.2,41.0,49.7,43.2,18.4,32.4,14.0,26.2,14.7,8.4,18.0
Black Iron Gauntlets,2,47.6,45.2,54.7,47.6,20.2,35.7,15.5,27.2,15.3,8.7,18.0
Black Iron Gauntlets,3,51.6,49.0,59.3,51.6,21.9,38.7,16.8,28.5,16.0,9.1,18.0
Black Iron Gauntlets,4,55.6,52.8,63.9,55.6,23.6,41.7,18.1,29.5,16.5,9.4,18.0
Black Iron Gauntlets,5,62.0,58.9,71.3,62.0,26.4,46.5,20.2,31.7,17.8,10.2,18.0
Black Iron Helm,0,27.0,25.7,31.1,27.0,11.0,19.0,8.0,17.0,10.0,5.0,12.0
Black Iron Helm,1,29.2,27.7,33.5,29.2,11.9,20.5,8.6,17.9,10.5,5.2,12.0
Black Iron Helm,2,32.1,30.5,36.9,32.1,13.1,22.6,9.5,18.5,10.9,5.5,12.0
Black Iron Helm,3,34.8,33.1,40.1,34.8,14.2,24.5,10.3,19.4,11.4,5.7,12.0
Black Iron Helm,4,37.5,35.7,43.2,37.5,15.3,26.4,11.1,20.1,11.8,5.9,12.0
Black Iron Helm,5,41.9,39.8,48.1,41.9,17.1,29.5,12.4,21.6,12.7,6.3,12.0
Black Iron Leggings,0,40.0,38.0,46.0,40.0,17.0,30.0,13.0,25.0,14.0,8.0,18.0
Black Iron Leggings,1,43.2,41.0,49.7,43.2,18.4,32.4,14.0,26.2,14.7,8.4,18.0
Black Iron Leggings,2,47.6,45.2,54.7,47.6,20.2,35.7,15.5,27.2,15.3,8.7,18.0
Black Iron Leggings,3,51.6,49.0,59.3,51.6,21.9,38.7,16.8,28.5,16.0,9.1,18.0
Black Iron Leggings,4,55.6,52.8,63.9,55.6,23.6,41.7,18.1,29.5,16.5,9.4,18.0
Black Iron Leggings,5,62.0,58.9,71.3,62.0,26.3,46.5,20.2,31.7,17.8,10.2,18.0
Black Knight Armor,0,57.0,54.2,64.4,55.9,29.0,48.0,17.0,32.0,15.0,0,21.0
Black Knight Armor,1,61.6,69.6,58.5,60.3,31.3,51.8,18.4,33.6,15.7,0,21.0
Black Knight Armor,2,67.8,76.6,64.4,66.5,34.5,57.1,20.2,34.9,16.3,0,21.0
Black Knight Armor,3,73.5,83.1,69.9,72.1,37.4,61.9,21.9,36.5,17.1,0,21.0
Black Knight Armor,4,79.2,89.5,75.3,77.6,40.3,66.7,23.6,37.8,17.7,0,21.0
Black Knight Armor,5,88.3,83.9,99.8,86.6,44.9,74.4,26.3,40.6,19.0,0,21.0
Black Knight Gauntlets,0,26.0,24.7,29.4,25.5,14.0,23.0,8.0,15.0,8.0,0,10.0
Black Knight Gauntlets,1,28.1,26.7,31.7,27.5,15.1,24.8,8.6,15.7,8.4,0,10.0
Black Knight Gauntlets,2,30.9,29.4,35.0,30.3,16.7,27.4,9.5,16.3,8.7,0,10.0
Black Knight Gauntlets,3,33.5,31.9,37.9,32.9,18.1,29.7,10.3,17.1,9.1,0,10.0
Black Knight Gauntlets,4,36.1,34.3,40.8,35.4,19.5,32.0,11.1,17.7,9.4,0,10.0
Black Knight Gauntlets,5,40.3,38.3,45.5,39.5,21.7,35.6,12.4,19.1,10.2,0,10.0
Black Knight Helm,0,21.0,23.7,19.9,20.6,11.0,18.0,6.0,12.0,6.0,0,8.0
Black Knight Helm,1,22.7,25.6,21.5,22.2,11.9,19.4,6.5,12.6,6.3,0,8.0
Black Knight Helm,2,25.0,28.2,23.7,24.5,13.1,21.4,7.1,13.1,6.5,0,8.0
Black Knight Helm,3,27.1,30.6,25.7,26.5,14.2,23.2,7.7,13.7,6.8,0,8.0
Black Knight Helm,4,29.2,33.0,27.7,28.6,15.3,25.0,8.3,14.2,7.1,0,8.0
Black Knight Helm,5,32.5,30.9,36.8,31.9,17.0,27.9,9.3,15.2,7.6,0,8.0
Black Knight Leggings,0,30.0,28.5,33.9,29.4,15.0,26.0,9.0,17.0,9.0,0,11.0
Black Knight Leggings,1,32.4,36.6,30.8,31.8,16.2,28.1,9.7,17.9,9.4,0,11.0
Black Knight Leggings,2,35.7,40.3,33.9,35.0,17.9,30.9,10.7,18.5,9.8,0,11.0
Black Knight Leggings,3,38.7,43.7,36.8,37.9,19.3,33.5,11.6,19.4,10.3,0,11.0
Black Knight Leggings,4,41.7,47.1,39.6,40.9,20.9,36.1,12.5,20.1,10.6,0,11.0
Black Knight Leggings,5,46.5,44.2,52.5,45.6,23.3,40.3,13.9,21.6,11.4,0,11.0
Black Leather Armor,0,23.0,24.6,23.0,23.0,20.0,14.0,16.0,23.0,31.0,0,0.0
Black Leather Armor,1,25.3,27.1,25.3,25.3,22.0,15.4,17.6,23.0,31.0,0,0.0
Black Leather Armor,2,27.6,29.5,27.6,27.6,24.0,16.8,19.2,23.0,31.0,0,0.0
Black Leather Armor,3,29.9,32.0,29.9,29.9,26.0,18.2,20.8,23.0,31.0,0,0.0
Black Leather Armor,4,32.9,35.2,32.9,32.9,28.6,20.0,22.9,24.1,32.6,0,0.0
Black Leather Armor,5,35.9,38.4,35.9,35.9,31.2,21.8,25.0,25.3,34.1,0,0.0
Black Leather Armor,6,38.9,41.6,38.9,38.9,33.8,23.7,27.0,26.4,35.6,0,0.0
Black Leather Armor,7,42.5,45.5,42.5,42.5,37.0,25.9,29.6,27.6,37.2,0,0.0
Black Leather Armor,8,46.2,49.5,46.2,46.2,40.2,28.1,32.2,28.7,38.7,0,0.0
Black Leather Armor,9,49.9,53.4,49.9,49.9,43.4,30.4,34.7,29.9,40.3,0,0.0
Black Leather Armor,10,55.7,59.6,55.7,55.7,48.4,33.9,38.7,32.2,43.4,0,0.0
Black Leather Boots,0,12.0,12.8,12.0,12.0,19.0,13.0,15.0,23.0,31.0,0,0.0
Black Leather Boots,1,13.2,14.1,13.2,13.2,20.9,14.3,16.5,23.0,31.0,0,0.0
Black Leather Boots,2,14.4,15.4,14.4,14.4,22.8,15.6,18.0,23.0,31.0,0,0.0
Black Leather Boots,3,15.6,16.7,15.6,15.6,24.7,16.9,19.5,23.0,31.0,0,0.0
Black Leather Boots,4,17.2,18.4,17.2,17.2,27.2,18.6,21.4,24.2,32.6,0,0.0
Black Leather Boots,5,18.7,20.0,18.7,18.7,29.6,20.3,23.4,25.3,34.1,0,0.0
Black Leather Boots,6,20.3,21.7,20.3,20.3,32.1,22.0,25.4,26.4,35.6,0,0.0
Black Leather Boots,7,22.2,23.8,22.2,22.2,35.2,24.1,27.7,27.6,37.2,0,0.0
Black Leather Boots,8,24.1,25.8,24.1,24.1,38.2,26.1,30.1,28.7,38.7,0,0.0
Black Leather Boots,9,26.0,27.9,26.0,26.0,41.2,28.2,32.6,29.9,40.3,0,0.0
Black Leather Boots,10,29.0,31.1,29.0,29.0,46.0,31.5,36.3,32.2,43.4,0,0.0
Black Leather Gloves,0,13.0,13.9,13.0,13.0,12.0,8.0,9.0,14.0,18.0,0,0.0
Black Leather Gloves,1,14.3,15.3,14.3,14.3,13.2,8.8,9.9,14.0,18.0,0,0.0
Black Leather Gloves,2,15.6,16.7,15.6,15.6,14.4,9.6,10.8,14.0,18.0,0,0.0
Black Leather Gloves,3,16.9,18.1,16.9,16.9,15.6,10.4,11.7,14.0,18.0,0,0.0
Black Leather Gloves,4,18.6,19.9,18.6,18.6,17.2,11.4,12.9,14.7,18.9,0,0.0
Black Leather Gloves,5,20.3,21.7,20.3,20.3,18.7,12.5,14.0,15.4,19.8,0,0.0
Black Leather Gloves,6,22.0,23.5,22.0,22.0,20.3,13.5,15.2,16.1,20.7,0,0.0
Black Leather Gloves,7,24.1,25.7,24.1,24.1,22.2,14.8,16.6,16.8,21.6,0,0.0
Black Leather Gloves,8,26.1,28.0,26.1,26.1,24.1,16.1,18.1,17.5,22.5,0,0.0
Black Leather Gloves,9,28.2,30.2,28.2,28.2,26.0,17.4,19.5,18.2,23.4,0,0.0
Black Leather Gloves,10,31.5,33.7,31.5,31.5,29.0,19.4,21.8,19.6,25.2,0,0.0
Black Manchette,0,11.0,12.0,11.0,11.0,14.0,11.0,9.0,10.0,10.0,5.0,0.0
Black Manchette,1,11.9,12.9,11.9,11.9,15.1,11.9,9.7,10.5,10.5,5.2,0.0
Black Manchette,2,13.1,14.3,13.1,13.1,15.1,11.9,9.7,10.5,10.5,5.2,0.0
Black Manchette,3,14.2,15.5,14.2,14.2,18.1,14.2,11.6,11.4,11.4,5.7,0.0
Black Manchette,4,15.3,16.7,15.3,15.3,19.5,15.3,12.5,11.8,11.8,5.9,0.0
Black Manchette,5,17.1,18.6,17.1,17.7,21.7,17.1,14.0,12.7,12.7,6.3,0.0
Black Sorcerer Boots,0,8.0,8.2,8.7,8.0,17.0,12.0,12.0,18.0,18.0,2.0,0.0
Black Sorcerer Boots,1,8.8,9.1,9.6,8.8,18.7,13.2,13.2,18.0,18.0,2.0,0.0
Black Sorcerer Boots,2,9.6,9.9,10.5,9.6,20.4,14.4,14.4,18.0,18.0,2.0,0.0
Black Sorcerer Boots,3,10.4,10.7,11.3,10.4,22.1,15.6,15.6,18.0,18.0,2.0,0.0
Black Sorcerer Boots,4,11.4,11.8,12.5,11.4,24.3,17.2,17.2,18.9,18.9,2.1,0.0
Black Sorcerer Boots,5,12.5,12.9,13.6,12.5,26.5,18.7,18.7,19.8,19.8,2.2,0.0
Black Sorcerer Boots,6,13.5,13.9,14.7,13.5,28.7,20.3,20.3,20.7,20.7,2.3,0.0
Black Sorcerer Boots,7,14.8,15.2,16.1,14.8,31.5,22.2,22.2,21.6,21.6,2.4,0.0
Black Sorcerer Boots,8,16.1,16.6,17.5,16.1,34.2,24.1,24.1,22.5,22.5,2.5,0.0
Black Sorcerer Boots,9,17.4,17.9,18.9,17.4,36.9,26.0,26.0,23.4,23.4,2.6,0.0
Black Sorcerer Boots,10,19.4,19.9,21.1,19.4,41.1,29.0,29.0,25.2,25.2,2.8,0.0
Black Sorcerer Cloak,0,13.0,13.4,14.2,13.0,28.0,21.0,21.0,31.0,31.0,4.0,0.0
Black Sorcerer Cloak,1,14.3,14.7,15.6,14.3,30.8,23.1,23.1,31.0,21.0,4.0,0.0
Black Sorcerer Cloak,2,15.6,16.1,17.0,15.6,33.6,25.2,25.2,31.0,31.0,4.0,0.0
Black Sorcerer Cloak,3,16.9,17.4,18.4,16.9,36.4,27.3,27.3,31.0,31.0,4.0,0.0
Black Sorcerer Cloak,4,18.6,19.1,20.3,18.6,40.0,30.0,30.0,32.6,32.6,4.2,0.0
Black Sorcerer Cloak,5,20.3,20.9,22.1,20.3,43.7,32.8,32.8,34.1,34.1,4.4,0.0
Black Sorcerer Cloak,6,22.0,22.6,23.9,22.0,47.3,35.5,35.5,35.6,35.6,4.6,0.0
Black Sorcerer Cloak,7,24.1,24.8,26.2,24.1,51.8,38.9,38.9,37.2,37.2,4.8,0.0
Black Sorcerer Cloak,8,26.1,26.9,28.5,26.1,56.3,42.2,42.2,38.7,38.7,5.0,0.0
Black Sorcerer Cloak,9,28.2,29.1,30.7,28.2,60.8,45.6,45.6,40.3,40.3,5.2,0.0
Black Sorcerer Cloak,10,31.5,32.4,34.3,31.5,67.8,50.8,50.8,43.4,43.4,5.6,0.0
Black Sorcerer Gauntlets,0,8.0,8.2,8.7,8.0,17.0,12.0,12.0,18.0,18.0,2.0,0.0
Black Sorcerer Gauntlets,1,8.8,9.1,9.6,8.8,18.7,13.2,13.2,18.0,18.0,2.0,0.0
Black Sorcerer Gauntlets,2,9.6,9.9,10.5,9.6,20.4,14.4,14.4,18.0,18.0,2.0,0.0
Black Sorcerer Gauntlets,3,10.4,10.7,11.3,10.4,22.1,15.6,15.6,18.0,18.0,2.0,0.0
Black Sorcerer Gauntlets,4,11.4,11.8,12.5,11.4,24.3,17.2,17.2,18.9,18.9,2.1,0.0
Black Sorcerer Gauntlets,5,12.5,12.9,13.6,12.5,26.5,18.7,18.7,19.8,19.8,2.2,0.0
Black Sorcerer Gauntlets,6,13.5,13.9,14.7,13.5,28.7,20.3,20.3,20.7,20.7,2.3,0.0
Black Sorcerer Gauntlets,7,14.8,15.2,16.1,14.8,31.5,22.2,22.2,21.6,21.6,2.4,0.0
Black Sorcerer Gauntlets,8,16.1,16.6,17.5,16.1,34.2,24.1,24.1,22.5,22.4,2.5,0.0
Black Sorcerer Gauntlets,9,17.4,17.9,18.9,17.4,36.9,26.0,26.0,23.4,23.4,2.6,0.0
Black Sorcerer Gauntlets,10,19.4,19.9,21.1,19.4,41.1,29.0,29.0,25.2,25.2,2.8,0.0
Black Sorcerer Hat,0,5.0,5.1,5.5,5.0,11.0,8.0,8.0,12.0,12.0,2.0,0.0
Black Sorcerer Hat,1,5.5,5.7,6.0,5.5,12.1,8.8,8.8,12.0,12.0,2.0,0.0
Black Sorcerer Hat,2,6.0,6.2,6.5,6.0,13.2,9.6,9.6,12.0,12.0,2.0,0.0
Black Sorcerer Hat,3,6.5,6.7,7.1,6.5,14.3,10.4,10.4,12.0,12.0,2.0,0.0
Black Sorcerer Hat,4,7.1,7.4,7.8,7.1,15.7,11.4,11.4,12.6,12.6,2.1,0.0
Black Sorcerer Hat,5,7.8,8.0,8.5,7.8,17.2,12.5,12.5,13.2,13.2,2.2,0.0
Black Sorcerer Hat,6,8.5,8.7,9.2,8.5,18.6,13.5,13.5,13.8,13.8,2.3,0.0
Black Sorcerer Hat,7,9.2,9.5,10.1,9.2,20.4,14.8,14.8,14.4,14.4,2.4,0.0
Black Sorcerer Hat,8,10.1,10.4,11.0,10.1,22.1,16.1,16.1,15.0,15.0,2.5,0.0
Black Sorcerer Hat,9,10.9,11.2,11.8,10.9,23.9,17.4,14.7,15.6,15.6,2.6,0.0
Black Sorcerer Hat,10,12.1,12.5,13.2,12.1,26.6,19.4,19.4,16.8,16.8,2.8,0.0
Black Tights,0,16.0,17.4,16.0,16.0,22.0,17.0,13.0,15.0,15.0,9.0,0.0
Black Tights,1,17.3,18.8,17.3,17.3,23.8,18.4,14.0,15.7,15.7,9.5,0.0
Black Tights,2,19.0,20.8,19.0,19.0,26.2,20.2,15.5,16.3,16.3,9.8,0.0
Black Tights,3,20.6,22.5,20.6,20.6,28.4,21.9,16.8,17.1,17.1,10.3,0.0
Black Tights,4,22.2,24.2,22.2,22.2,30.6,23.6,18.1,17.7,17.7,10.6,0.0
Black Tights,5,24.8,27.0,24.8,24.8,34.1,26.3,20.1,19.1,19.1,11.4,0.0
Bloated Head,0,0,0,0,0,0,0,0,0,0,0,0.0
Bloated Sorcerer Head,0,0,0,0,0,0,0,0,0,0,0,0.0
Blood-Stained Skirt,0,13.0,16.3,13.0,13.0,27.0,16.0,21.0,29.0,22.0,29.0,0.0
Blood-Stained Skirt,1,14.3,17.9,14.3,14.3,29.7,17.6,23.1,29.0,22.0,29.0,0.0
Blood-Stained Skirt,2,15.6,19.5,15.6,15.6,32.4,19.2,25.2,29.0,22.0,29.0,0.0
Blood-Stained Skirt,3,16.9,21.1,16.9,16.9,35.1,20.8,27.3,29.0,22.0,29.0,0.0
Blood-Stained Skirt,4,18.6,23.2,18.6,18.6,38.6,22.9,30.0,30.4,23.1,30.4,0.0
Blood-Stained Skirt,5,20.3,25.3,20.3,20.3,42.1,25.0,32.8,31.9,24.2,31.9,0.0
Blood-Stained Skirt,6,22.0,27.5,22.0,22.0,45.6,27.0,35.5,33.3,25.3,33.3,0.0
Blood-Stained Skirt,7,24.1,30.1,24.1,24.1,50.0,29.6,38.9,34.8,26.4,34.8,0.0
Blood-Stained Skirt,8,26.1,32.7,26.1,26.1,54.3,32.2,42.2,36.2,27.5,36.2,0.0
Blood-Stained Skirt,9,28.2,35.3,28.2,28.2,58.6,34.7,45.6,37.7,28.6,37.7,0.0
Blood-Stained Skirt,10,31.5,39.3,31.5,31.5,65.3,38.7,50.8,40.6,30.8,40.6,0.0
Brass Armor,0,48.0,46.1,54.2,48.0,27.0,25.0,25.0,24.0,20.0,11.0,16.0
Brass Armor,1,51.8,49.8,58.6,51.8,29.2,27.0,27.0,25.2,21.0,11.5,16.0
Brass Armor,2,57.1,54.8,64.5,57.1,32.1,29.8,29.8,26.2,21.8,12.0,16.0
Brass Armor,3,61.9,59.4,70.0,61.9,34.8,32.2,32.2,27.4,22.8,12.5,16.0
Brass Armor,4,66.7,64.1,75.4,66.7,37.5,34.7,34.7,28.3,23.6,13.0,16.0
Brass Armor,5,74.4,71.4,84.1,74.4,41.8,38.7,38.7,30.5,25.4,14.0,16.0
Brass Gauntlets,0,24.0,23.0,27.1,24.0,14.0,12.0,12.0,12.0,10.0,6.0,8.0
Brass Gauntlets,1,25.9,24.9,29.3,25.9,15.1,13.0,13.0,12.6,10.5,6.3,8.0
Brass Gauntlets,2,28.6,27.4,32.3,28.6,16.7,14.3,14.3,13.1,10.9,6.5,8.0
Brass Gauntlets,3,31.0,29.7,35.0,31.0,18.1,15.5,15.5,13.7,11.4,6.8,8.0
Brass Gauntlets,4,33.4,32.0,37.7,33.4,19.5,16.7,16.7,14.2,11.8,7.1,8.0
Brass Gauntlets,5,37.2,35.7,42.0,37.2,21.7,18.6,18.6,15.2,12.7,7.6,8.0
Brass Helm,0,22.0,21.1,24.9,22.0,12.0,11.0,11.0,11.0,9.0,6.0,8.0
Brass Helm,1,23.8,22.8,26.8,23.8,13.0,11.9,11.9,11.6,9.5,6.3,8.0
Brass Helm,2,26.2,25.1,29.6,26.2,14.3,13.1,13.1,12.0,9.8,6.5,8.0
Brass Helm,3,28.4,27.2,32.1,28.4,15.5,14.2,14.2,12.5,10.3,6.8,8.0
Brass Helm,4,30.6,29.4,34.6,30.6,16.7,15.3,15.3,13.0,10.6,7.1,8.0
Brass Helm,5,34.1,32.7,38.5,34.1,18.6,17.0,17.0,14.0,11.4,7.6,8.0
Brass Leggings,0,26.0,25.0,29.4,26.0,16.0,15.0,15.0,14.0,12.0,7.0,9.0
Brass Leggings,1,28.1,27.0,31.7,28.1,17.3,16.2,16.2,14.7,12.6,7.3,9.0
Brass Leggings,2,30.9,29.7,35.0,30.9,19.0,17.9,17.9,15.3,13.1,7.6,9.0
Brass Leggings,3,33.5,32.2,37.9,33.5,20.6,19.3,19.3,16.0,13.7,8.0,9.0
Brass Leggings,4,36.1,34.7,40.8,36.1,22.2,20.9,20.9,16.5,14.2,8.3,9.0
Brass Leggings,5,40.3,38.7,45.5,40.3,24.8,23.2,23.2,17.8,15.2,8.9,9.0
Brigand Armor,0,23.0,25.3,23.0,20.7,20.0,13.0,17.0,20.0,20.0,0,0.0
Brigand Armor,1,25.3,27.8,25.3,22.8,22.0,14.3,18.7,20.0,20.0,0,0.0
Brigand Armor,2,27.6,30.4,27.6,24.8,24.0,15.6,20.4,20.0,20.0,0,0.0
Brigand Armor,3,29.9,32.9,29.9,26.9,26.0,16.9,22.1,20.0,20.0,0,0.0
Brigand Armor,4,32.9,36.2,32.9,29.6,28.6,18.6,24.3,21.0,21.0,0,0.0
Brigand Armor,5,35.9,39.5,35.9,32.3,31.2,20.3,26.5,22.0,22.0,0,0.0
Brigand Armor,6,38.9,42.8,38.9,35.0,33.8,22.0,28.7,23.0,23.0,0,0.0
Brigand Armor,7,42.5,46.8,42.5,38.3,37.0,24.1,31.5,24.0,24.0,0,0.0
Brigand Armor,8,46.2,50.9,46.2,41.6,40.2,26.1,34.2,25.0,25.0,0,0.0
Brigand Armor,9,49.9,54.9,49.9,44.9,43.4,28.2,36.9,26.0,26.0,0,0.0
Brigand Armor,10,55.7,61.2,55.7,50.1,48.4,31.5,41.1,28.0,28.0,0,0.0
Brigand Gauntlets,0,14.0,15.4,14.0,12.6,12.0,8.0,10.0,12.0,12.0,0,0.0
Brigand Gauntlets,1,15.4,16.9,15.4,13.9,13.2,8.8,11.0,12.0,12.0,0,0.0
Brigand Gauntlets,2,16.8,18.5,16.8,15.1,14.4,9.6,12.0,12.0,12.0,0,0.0
Brigand Gauntlets,3,18.2,20.0,18.2,16.4,15.6,10.4,13.0,12.0,12.0,0,0.0
Brigand Gauntlets,4,20.0,22.0,20.0,18.0,17.2,11.4,14.3,12.6,12.6,0,0.0
Brigand Gauntlets,5,21.8,24.0,21.8,19.7,18.7,12.5,15.6,13.2,13.2,0,0.0
Brigand Gauntlets,6,23.7,26.0,23.7,21.3,20.3,13.5,16.9,13.8,13.8,0,0.0
Brigand Gauntlets,7,25.9,28.5,25.9,23.3,22.2,14.8,18.5,14.4,14.4,0,0.0
Brigand Gauntlets,8,28.1,31.0,28.1,25.3,24.1,16.1,20.1,15.0,15.0,0,0.0
Brigand Gauntlets,9,30.4,33.4,30.4,27.3,26.0,17.4,21.7,15.6,15.6,0,0.0
Brigand Gauntlets,10,33.9,37.3,33.9,30.5,29.0,19.4,24.2,16.8,16.8,0,0.0
Brigand Hood,0,9.0,9.9,9.0,8.1,8.0,5.0,6.0,8.0,8.0,0,0.0
Brigand Hood,1,9.9,10.9,9.9,8.9,8.8,5.5,6.6,8.0,8.0,0,0.0
Brigand Hood,2,10.8,11.9,10.8,9.7,9.6,6.0,7.2,8.0,8.0,0,0.0
Brigand Hood,3,11.7,12.9,11.7,10.5,10.4,6.5,7.8,8.0,8.0,0,0.0
Brigand Hood,4,12.9,14.2,12.9,11.6,11.4,7.2,8.6,8.4,8.4,0,0.0
Brigand Hood,5,14.0,15.4,14.0,12.6,12.5,7.8,9.4,8.8,8.8,0,0.0
Brigand Hood,6,15.2,16.7,15.2,13.7,13.5,8.5,10.1,9.2,9.2,0,0.0
Brigand Hood,7,16.7,18.3,16.7,15.0,14.8,9.3,11.1,9.6,9.6,0,0.0
Brigand Hood,8,18.1,19.9,18.1,16.3,16.1,10.1,12.1,10.0,10.0,0,0.0
Brigand Hood,9,19.5,21.5,19.5,17.6,17.4,10.9,13.0,10.4,10.4,0,0.0
Brigand Hood,10,21.8,24.0,21.8,19.6,19.1,12.1,14.5,11.2,11.2,0,0.0
Brigand Trousers,0,14.0,15.4,14.0,12.6,12.0,8.0,10.0,12.0,12.0,0,0.0
Brigand Trousers,1,15.4,16.9,15.4,13.9,13.2,8.8,11.0,12.0,12.0,0,0.0
Brigand Trousers,2,16.8,18.5,16.8,15.1,14.4,9.6,12.0,12.0,12.0,0,0.0
Brigand Trousers,3,18.2,20.0,18.2,16.4,15.6,10.4,13.0,12.0,12.0,0,0.0
Brigand Trousers,4,20.0,22.0,20.0,18.0,17.2,11.4,14.3,12.6,12.6,0,0.0
Brigand Trousers,5,21.8,24.0,21.8,19.7,18.7,12.5,15.6,13.2,13.2,0,0.0
Brigand Trousers,6,23.7,26.0,23.7,21.3,20.3,13.5,16.9,13.8,13.8,0,0.0
Brigand Trousers,7,25.9,28.5,25.9,23.3,22.2,14.8,18.5,14.4,14.4,0,0.0
Brigand Trousers,8,28.1,31.0,28.1,25.3,24.1,16.1,20.1,15.0,15.0,0,0.0
Brigand Trousers,9,30.4,33.4,30.4,27.3,26.0,17.4,21.7,15.6,15.6,0,0.0
Brigand Trousers,10,33.9,37.3,33.9,30.5,29.0,19.4,24.2,16.8,16.8,0,0.0
Catarina Armor,0,57.0,56.4,65.5,57.0,31.0,37.0,19.0,34.0,24.0,0,21.0
Catarina Armor,1,61.6,60.9,70.8,61.6,33.5,40.0,20.5,35.7,25.2,0,21.0
Catarina Armor,2,67.8,67.2,78.0,67.8,36.9,44.0,22.6,37.1,26.2,0,21.0
Catarina Armor,3,73.5,72.8,84.6,73.5,40.0,47.7,24.5,38.8,27.4,0,21.0
Catarina Armor,4,79.2,78.4,91.1,79.2,43.1,51.4,26.4,40.1,28.3,0,21.0
Catarina Armor,5,88.3,87.5,101.6,88.3,48.0,57.3,29.4,43.2,30.5,0,21.0
Catarina Gauntlets,0,34.0,33.7,39.1,34.0,18.0,21.0,12.0,21.0,13.0,0,13.0
Catarina Gauntlets,1,36.7,36.4,42.2,36.7,19.4,22.7,13.0,22.1,13.7,0,13.0
Catarina Gauntlets,2,40.5,40.1,46.5,40.5,21.4,24.0,14.3,22.9,14.2,0,13.0
Catarina Gauntlets,3,43.9,43.4,50.4,43.9,23.2,27.1,15.5,23.9,14.8,0,13.0
Catarina Gauntlets,4,47.3,46.8,54.3,47.3,25.0,29.2,16.7,24.8,15.3,0,13.0
Catarina Gauntlets,5,52.7,52.2,60.6,52.7,27.9,32.5,18.6,26.7,16.5,0,13.0
Catarina Helm,0,22.0,21.8,25.3,22.0,12.0,13.0,7.0,13.0,9.0,0,8.0
Catarina Helm,1,23.8,23.5,27.3,23.8,13.0,14.0,7.6,13.6,9.5,0,8.0
Catarina Helm,2,26.2,25.9,30.1,26.2,14.3,15.5,8.3,14.2,9.8,0,8.0
Catarina Helm,3,28.4,28.1,32.6,28.4,15.5,16.8,9.0,14.8,10.3,0,8.0
Catarina Helm,4,30.6,30.3,35.2,30.6,16.7,18.1,9.7,15.3,10.6,0,8.0
Catarina Helm,5,34.1,33.8,39.2,34.1,18.6,20.1,10.8,16.5,11.4,0,8.0
Catarina Leggings,0,34.0,33.7,39.1,34.0,18.0,21.0,12.0,21.0,13.0,0,13.0
Catarina Leggings,1,36.7,36.4,42.2,36.7,19.4,22.7,13.0,22.1,13.7,0,13.0
Catarina Leggings,2,40.5,40.1,46.5,40.5,21.4,25.0,14.3,22.9,14.2,0,13.0
Catarina Leggings,3,43.9,43.4,50.4,43.9,23.2,27.1,15.5,23.9,14.8,0,13.0
Catarina Leggings,4,47.3,46.8,54.3,47.3,25.0,29.2,16.7,24.8,15.3,0,13.0
Catarina Leggings,5,52.7,52.2,60.6,52.7,27.9,32.5,18.6,26.7,16.5,0,13.0
Chain Armor,0,30.0,30.0,36.0,29.1,21.0,16.0,7.0,20.0,12.0,0,9.0
Chain Armor,1,33.0,33.0,39.6,32.0,23.1,17.6,7.7,20.0,12.0,0,9.0
Chain Armor,2,36.0,36.0,43.2,34.9,25.2,19.2,8.4,20.0,12.0,0,9.0
Chain Armor,3,39.0,39.0,46.8,37.8,27.3,20.8,9.1,20.0,12.0,0,9.0
Chain Armor,4,42.9,42.9,51.5,41.6,30.0,22.9,10.0,21.0,12.6,0,9.0
Chain Armor,5,46.8,46.8,56.2,45.4,32.8,25.0,10.9,22.0,13.2,0,9.0
Chain Armor,6,50.7,50.7,60.8,49.2,35.5,27.0,11.8,23.0,13.8,0,9.0
Chain Armor,7,55.5,55.5,66.6,53.8,38.9,29.6,12.9,24.0,14.4,0,9.0
Chain Armor,8,60.3,60.3,72.4,58.5,42.2,32.2,14.1,25.0,15.0,0,9.0
Chain Armor,9,65.1,65.1,78.1,63.1,45.6,34.7,15.2,26.0,15.6,0,9.0
Chain Armor,10,72.6,72.6,87.1,70.4,50.8,38.7,16.9,28.0,16.8,0,9.0
Chain Helm,0,12.0,12.0,14.4,11.6,10.0,8.0,3.0,10.0,6.0,0,5.0
Chain Helm,1,13.2,13.2,15.8,12.8,11.0,8.8,3.3,10.0,6.0,0,5.0
Chain Helm,2,14.4,14.4,17.3,14.0,12.0,9.6,3.6,10.0,6.0,0,5.0
Chain Helm,3,15.6,15.6,18.7,15.1,13.0,10.4,3.9,10.0,6.0,0,5.0
Chain Helm,4,17.2,17.2,20.6,16.6,14.3,11.4,4.3,10.5,6.3,0,5.0
Chain Helm,5,18.7,18.7,22.5,18.3,15.6,12.5,4.7,11.0,6.6,0,5.0
Chain Helm,6,20.3,20.3,24.3,19.7,16.9,13.5,5.1,11.5,6.9,0,5.0
Chain Helm,7,22.2,22.2,26.6,21.5,18.5,14.8,5.6,12.0,7.2,0,5.0
Chain Helm,8,24.1,24.1,28.9,23.4,20.1,16.1,6.0,12.5,7.5,0,5.0
Chain Helm,9,26.0,26.0,31.2,25.3,21.7,17.4,6.5,13.0,7.8,0,5.0
Chain Helm,10,29.0,29.0,34.8,28.2,24.2,19.4,7.3,14.0,8.4,0,5.0
Chain Leggings,0,18.0,18.0,21.6,17.5,14.0,12.0,5.0,15.0,9.0,0,7.0
Chain Leggings,1,19.8,19.8,23.8,19.2,15.4,13.2,5.5,15.0,9.0,0,7.0
Chain Leggings,2,21.6,21.6,25.9,21.0,16.8,14.4,6.0,15.0,9.0,0,7.0
Chain Leggings,3,23.4,23.4,28.1,22.7,18.2,15.6,6.5,15.0,9.0,0,7.0
Chain Leggings,4,25.7,25.7,30.9,25.0,20.0,17.2,7.1,15.7,9.4,0,7.0
Chain Leggings,5,28.1,28.1,33.7,27.2,21.8,18.7,7.8,16.5,9.9,0,7.0
Chain Leggings,6,30.4,30.4,36.5,29.5,23.7,20.3,8.5,17.2,10.3,0,7.0
Chain Leggings,7,33.3,33.3,40.0,32.3,25.9,22.2,9.2,18.0,10.8,0,7.0
Chain Leggings,8,36.2,36.2,43.4,35.1,28.1,24.1,10.1,18.7,11.2,0,7.0
Chain Leggings,9,39.1,39.1,46.9,37.9,30.4,26.0,10.9,19.5,11.7,0,7.0
Chain Leggings,10,43.6,43.6,52.3,42.3,33.9,29.0,12.1,21.0,12.6,0,7.0
Chester's Gloves,0,10.0,13.5,10.0,10.0,10.0,7.0,10.0,15.0,11.0,0,0.0
Chester's Gloves,1,10.8,14.6,10.8,10.8,10.8,7.6,10.8,15.7,11.5,0,0.0
Chester's Gloves,2,11.9,16.1,11.9,11.9,11.9,8.3,11.9,16.3,12.0,0,0.0
Chester's Gloves,3,12.9,17.4,12.9,12.9,12.9,9.0,12.9,17.1,12.5,0,0.0
Chester's Gloves,4,13.9,18.8,13.9,13.9,13.9,9.7,13.9,17.7,13.0,0,0.0
Chester's Gloves,5,15.5,20.9,15.5,15.5,15.5,10.8,15.5,19.1,14.0,0,0.0
Chester's Long Coat,0,27.0,36.5,27.0,27.0,30.0,21.0,28.0,44.0,32.0,0,0.0
Chester's Long Coat,1,29.2,39.4,29.2,29.2,32.4,22.7,30.2,46.2,33.6,0,0.0
Chester's Long Coat,2,32.1,43.4,32.1,32.1,35.7,25.0,33.3,48.0,34.9,0,0.0
Chester's Long Coat,3,34.8,47.0,34.8,34.8,38.7,27.1,36.1,50.2,36.5,0,0.0
Chester's Long Coat,4,37.5,50.7,37.5,37.5,41.7,29.2,38.9,51.9,37.8,0,0.0
Chester's Long Coat,5,41.8,56.5,41.8,41.8,46.5,32.5,43.4,55.9,40.6,0,0.0
Chester's Trousers,0,19.0,25.6,19.0,19.0,21.0,15.0,20.0,31.0,23.0,0,0.0
Chester's Trousers,1,20.5,27.7,20.5,20.5,22.7,16.2,21.6,32.6,24.2,0,0.0
Chester's Trousers,2,22.6,30.5,22.6,22.6,25.0,17.9,23.8,33.8,25.1,0,0.0
Chester's Trousers,3,24.5,33.1,24.5,24.5,27.1,19.3,25.8,35.3,26.2,0,0.0
Chester's Trousers,4,26.4,35.7,26.4,26.4,29.2,20.9,27.8,36.6,27.1,0,0.0
Chester's Trousers,5,29.4,39.8,29.4,29.4,32.5,23.2,31.0,39.4,29.2,0,0.0
Cleric Armor,0,40.0,40.0,46.0,40.0,23.0,21.0,15.0,23.0,16.0,0,20.0
Cleric Armor,1,44.0,44.0,50.6,44.0,25.3,23.1,16.5,23.0,16.0,0,20.0
Cleric Armor,2,48.0,48.0,55.2,48.0,27.6,25.2,18.0,23.0,16.0,0,20.0
Cleric Armor,3,52.0,52.0,59.8,52.0,29.9,27.3,19.5,23.0,16.0,0,20.0
Cleric Armor,4,57.2,57.2,65.8,57.2,32.9,30.0,21.4,24.2,16.8,0,20.0
Cleric Armor,5,62.4,62.4,71.8,62.4,35.9,32.8,23.4,25.3,17.6,0,20.0
Cleric Armor,6,67.6,67.6,77.7,67.6,38.9,35.5,25.4,26.4,18.4,0,20.0
Cleric Armor,7,74.0,74.0,85.1,74.0,42.5,38.9,27.7,27.6,19.2,0,20.0
Cleric Armor,8,80.4,80.4,92.5,80.4,46.2,42.2,30.1,28.7,20.0,0,20.0
Cleric Armor,9,86.8,86.8,99.8,86.8,49.9,45.6,32.6,29.9,20.8,0,20.0
Cleric Armor,10,96.8,96.8,111.3,96.8,55.7,50.8,36.3,32.2,22.4,0,20.0
Cleric Gauntlets,0,24.0,24.0,27.6,24.0,13.0,12.0,9.0,14.0,9.0,0,12.0
Cleric Gauntlets,1,26.4,26.4,30.4,26.4,14.3,13.2,9.9,14.0,9.0,0,12.0
Cleric Gauntlets,2,28.8,28.8,33.1,28.8,15.6,14.4,10.8,14.0,9.0,0,12.0
Cleric Gauntlets,3,31.2,31.2,35.9,31.2,16.9,15.6,11.9,14.0,9.0,0,12.0
Cleric Gauntlets,4,34.3,34.3,39.5,34.3,18.6,17.2,12.9,14.7,9.5,0,12.0
Cleric Gauntlets,5,37.4,37.4,43.1,37.4,20.3,18.7,14.0,15.4,9.9,0,12.0
Cleric Gauntlets,6,40.6,40.6,46.6,40.6,22.0,20.3,15.2,16.1,10.3,0,12.0
Cleric Gauntlets,7,44.4,44.4,51.1,44.4,24.1,22.2,16.6,16.8,10.8,0,12.0
Cleric Gauntlets,8,48.2,48.2,55.5,48.2,26.1,24.1,18.1,17.5,11.2,0,12.0
Cleric Gauntlets,9,52.1,52.1,59.9,52.1,28.2,26.0,19.5,18.2,11.7,0,12.0
Cleric Gauntlets,10,58.1,58.1,66.8,58.1,31.5,29.0,21.8,19.6,12.6,0,12.0
Cleric Helm,0,15.0,15.0,17.2,15.0,9.0,8.0,6.0,9.0,6.0,0,8.0
Cleric Helm,1,16.5,16.5,19.0,16.5,9.9,8.8,6.6,9.0,6.0,0,8.0
Cleric Helm,2,18.0,18.0,20.7,18.0,10.8,9.6,7.2,9.0,6.0,0,8.0
Cleric Helm,3,19.5,19.5,22.4,19.5,11.7,10.4,7.8,9.0,6.0,0,8.0
Cleric Helm,4,21.4,21.4,24.7,21.4,12.9,11.4,8.6,9.4,6.3,0,8.0
Cleric Helm,5,23.4,23.4,26.9,23.4,14.0,12.5,9.4,9.9,6.6,0,8.0
Cleric Helm,6,25.4,25.4,29.2,25.4,15.2,13.5,10.1,10.3,6.9,0,8.0
Cleric Helm,7,27.7,27.7,31.9,27.7,16.6,14.8,11.1,10.8,7.2,0,8.0
Cleric Helm,8,30.1,30.1,34.7,30.1,18.1,16.1,12.1,11.2,7.5,0,8.0
Cleric Helm,9,32.6,32.6,37.4,32.6,19.5,17.4,13.0,11.7,7.8,0,8.0
Cleric Helm,10,36.3,36.3,41.7,36.3,21.8,19.4,14.5,12.6,8.4,0,8.0
Cleric Leggings,0,24.0,24.0,27.6,24.0,13.0,12.0,9.0,14.0,9.0,0,12.0
Cleric Leggings,1,26.4,26.4,30.4,26.4,14.3,13.2,9.9,14.0,9.0,0,12.0
Cleric Leggings,2,28.8,28.8,33.1,28.8,15.6,14.4,10.8,14.0,9.0,0,12.0
Cleric Leggings,3,31.2,31.2,35.9,31.2,16.9,15.6,11.7,14.0,9.0,0,12.0
Cleric Leggings,4,34.3,34.3,39.5,34.3,18.6,17.2,12.9,14.7,9.5,0,12.0
Cleric Leggings,5,37.4,37.4,43.1,37.4,20.3,18.7,14.0,15.4,9.9,0,12.0
Cleric Leggings,6,40.6,40.6,46.6,40.6,22.0,20.3,15.2,16.1,10.3,0,12.0
Cleric Leggings,7,44.4,44.4,51.4,44.4,24.1,22.2,16.6,16.8,10.8,0,12.0
Cleric Leggings,8,48.2,48.2,55.5,48.2,26.1,24.1,18.1,17.5,11.2,0,12.0
Cleric Leggings,9,52.1,52.1,59.9,52.1,28.2,26.0,19.5,18.2,11.7,0,12.0
Cleric Leggings,10,58.1,58.1,66.8,58.1,31.5,29.0,21.8,19.6,12.6,0,12.0
Crimson Gloves,0,7.0,7.7,7.0,7.0,7.0,4.0,5.0,4.0,4.0,4.0,0.0
Crimson Gloves,1,7.6,8.4,7.6,7.6,7.6,4.3,5.4,4.2,4.2,4.2,0.0
Crimson Gloves,2,8.3,9.2,8.3,8.3,8.3,4.8,6.0,4.4,4.4,4.4,0.0
Crimson Gloves,3,9.0,9.9,9.0,9.0,9.0,5.2,6.4,4.6,4.6,4.6,0.0
Crimson Gloves,4,9.7,10.7,9.7,9.7,9.7,5.6,6.9,4.7,4.7,4.7,0.0
Crimson Gloves,5,10.8,11.9,10.8,10.8,10.8,6.2,7.7,5.1,5.1,5.1,0.0
Crimson Robe,0,32.0,35.2,32.0,32.0,33.0,19.0,24.0,21.0,21.0,21.0,0.0
Crimson Robe,1,34.6,38.0,34.6,34.6,35.6,20.5,25.9,22.1,22.0,22.1,0.0
Crimson Robe,2,38.1,41.9,38.1,38.1,39.3,22.6,28.6,22.9,22.9,22.9,0.0
Crimson Robe,3,41.3,45.4,41.3,41.3,42.6,24.5,31.0,23.9,23.9,23.9,0.0
Crimson Robe,4,44.5,48.9,44.5,44.5,45.9,26.4,33.4,24.8,24.8,24.8,0.0
Crimson Robe,5,49.6,54.6,49.6,49.6,51.1,29.4,37.2,26.7,26.7,26.7,0.0
Crimson Waistcloth,0,29.0,31.9,29.0,29.0,29.0,17.0,21.0,19.0,19.0,19.0,0.0
Crimson Waistcloth,1,31.3,34.5,31.3,31.3,31.3,18.4,22.7,19.9,19.9,19.9,0.0
Crimson Waistcloth,2,34.5,38.0,34.5,34.5,34.5,20.2,25.0,20.7,20.7,20.7,0.0
Crimson Waistcloth,3,37.4,41.2,37.4,37.4,37.4,21.9,27.1,21.7,21.7,21.7,0.0
Crimson Waistcloth,4,40.3,44.3,40.3,40.3,40.3,23.6,29.2,22.4,22.4,22.4,0.0
Crimson Waistcloth,5,44.9,49.4,44.9,44.9,44.9,26.3,32.5,24.1,24.1,24.1,0.0
Dark Armor,0,45.0,45.0,49.5,42.3,30.0,31.0,27.0,30.0,21.0,0,16.0
Dark Armor,1,48.6,48.6,53.5,45.7,32.4,33.5,29.2,31.5,22.1,0,16.0
Dark Armor,2,53.6,53.6,58.9,50.3,35.7,36.9,32.1,32.7,22.9,0,16.0
Dark Armor,3,58.0,58.0,63.9,54.6,38.7,40.0,34.8,34.2,23.9,0,16.0
Dark Armor,4,62.5,62.5,68.8,58.8,41.7,43.1,37.5,35.4,24.8,0,16.0
Dark Armor,5,69.8,69.8,76.7,65.6,46.5,48.0,41.8,38.1,26.7,0,16.0
Dark Gauntlets,0,27.0,27.0,29.7,25.4,18.0,18.0,15.0,18.0,12.0,0,9.0
Dark Gauntlets,1,29.2,29.2,32.1,27.4,19.4,19.4,16.2,18.9,12.6,0,9.0
Dark Gauntlets,2,32.1,32.1,35.3,30.2,21.4,21.4,17.9,19.6,13.1,0,9.0
Dark Gauntlets,3,34.8,34.8,38.3,32.7,23.2,23.2,19.3,20.5,13.7,0,9.0
Dark Gauntlets,4,37.5,37.5,41.3,35.3,25.0,25.0,20.9,21.2,14.2,0,9.0
Dark Gauntlets,5,41.8,41.8,46.0,39.3,27.9,27.9,23.3,22.9,15.2,0,9.0
Dark Leggings,0,27.0,27.0,29.7,25.4,18.0,18.0,15.0,18.0,12.0,0,9.0
Dark Leggings,1,29.2,29.2,32.1,27.4,19.4,19.4,16.2,18.9,12.6,0,9.0
Dark Leggings,2,32.1,32.1,35.3,30.2,21.4,21.4,17.9,19.6,13.1,0,9.0
Dark Leggings,3,34.8,34.8,38.3,32.7,23.2,23.2,19.3,20.5,13.7,0,9.0
Dark Leggings,4,37.5,37.5,41.3,35.3,25.0,25.0,20.9,21.2,14.2,0,9.0
Dark Leggings,5,41.8,41.8,46.0,39.3,27.9,27.9,23.2,22.9,15.2,0,9.0
Dark Mask,0,18.0,18.0,19.8,16.9,12.0,12.0,10.0,12.0,8.0,0,6.0
Dark Mask,1,19.4,19.4,21.4,18.3,13.0,13.0,10.8,12.6,8.4,0,6.0
Dark Mask,2,21.4,21.4,23.6,20.1,14.3,14.3,11.9,13.1,8.7,0,6.0
Dark Mask,3,23.2,23.2,25.5,21.8,15.5,15.5,12.9,13.7,9.1,0,6.0
Dark Mask,4,25.0,25.0,27.5,23.5,16.7,16.7,13.9,14.2,9.4,0,6.0
Dark Mask,5,27.9,27.9,30.7,26.2,18.6,18.6,15.5,15.2,10.2,0,6.0
Dingy Gloves,0,9.0,11.3,9.0,9.0,13.0,8.0,10.0,14.0,10.0,14.0,0.0
Dingy Gloves,1,9.9,12.4,9.9,9.9,14.3,8.8,11.0,14.0,10.0,14.0,0.0
Dingy Gloves,2,10.8,13.5,10.8,10.8,15.6,9.6,12.0,14.0,10.0,14.0,0.0
Dingy Gloves,3,11.7,14.6,11.7,11.7,16.9,10.4,13.0,14.0,10.0,14.0,0.0
Dingy Gloves,4,12.9,16.1,12.9,12.9,18.6,11.4,14.3,14.7,10.5,14.7,0.0
Dingy Gloves,5,14.0,17.5,14.0,14.0,20.3,12.5,15.6,15.4,11.0,15.4,0.0
Dingy Gloves,6,15.2,19.0,15.2,15.2,22.0,13.5,16.9,16.1,11.5,16.1,0.0
Dingy Gloves,7,16.6,20.8,16.6,16.6,24.1,14.8,18.5,16.8,12.0,16.8,0.0
Dingy Gloves,8,18.1,22.6,18.1,18.1,26.1,16.1,20.1,17.5,12.5,17.5,0.0
Dingy Gloves,9,19.5,24.4,19.5,19.5,28.2,17.4,21.7,18.2,13.0,18.2,0.0
Dingy Gloves,10,21.8,27.2,21.8,21.8,31.5,19.4,24.2,19.6,14.0,19.6,0.0
Dingy Hood,0,6.0,7.5,6.0,6.0,8.0,5.0,6.0,9.0,7.0,9.0,0.0
Dingy Hood,1,6.6,8.2,6.6,6.6,8.8,5.5,6.6,9.0,7.0,9.0,0.0
Dingy Hood,2,7.2,9.0,7.2,7.2,9.6,6.0,7.2,9.0,7.0,9.0,0.0
Dingy Hood,3,7.8,9.7,7.8,7.8,10.4,6.5,7.8,9.0,7.0,9.0,0.0
Dingy Hood,4,8.6,19.7,8.6,8.6,11.4,7.1,8.6,9.4,7.3,9.5,0.0
Dingy Hood,5,9.4,11.7,9.4,9.4,12.5,7.8,9.4,9.9,7.7,9.9,0.0
Dingy Hood,6,10.1,12.7,10.1,10.1,13.5,8.5,10.1,10.3,8.0,10.3,0.0
Dingy Hood,7,11.1,13.9,11.1,11.1,14.8,9.2,11.1,10.8,8.4,10.8,0.0
Dingy Hood,8,12.1,15.1,12.1,12.1,16.1,10.1,12.1,11.2,8.7,11.2,0.0
Dingy Hood,9,13.0,16.3,13.0,13.0,17.4,10.9,13.0,11.7,9.1,11.7,0.0
Dingy Hood,10,14.5,18.2,14.5,14.5,19.4,12.1,14.5,12.6,9.8,12.6,0.0
Dingy Robe,0,23.0,28.7,23.0,23.0,33.0,19.0,25.0,35.0,26.0,35.0,0.0
Dingy Robe,1,25.3,31.6,25.3,25.3,36.3,20.9,27.5,35.0,26.0,35.0,0.0
Dingy Robe,2,27.6,34.5,27.6,27.6,39.6,22.8,30.0,35.0,26.0,35.0,0.0
Dingy Robe,3,29.9,37.4,29.9,29.9,42.9,24.7,32.5,35.0,26.0,35.0,0.0
Dingy Robe,4,32.9,41.1,32.9,32.9,47.2,27.2,35.7,36.7,27.3,36.7,0.0
Dingy Robe,5,35.9,44.8,35.9,35.9,51.5,29.6,39.0,38.5,28.6,38.5,0.0
Dingy Robe,6,38.9,48.6,38.9,38.9,55.8,32.1,42.2,40.2,29.9,40.2,0.0
Dingy Robe,7,42.5,53.2,42.5,42.5,61.0,35.2,46.2,42.0,31.2,42.0,0.0
Dingy Robe,8,46.2,57.8,46.2,46.2,66.3,38.2,50.2,43.7,32.5,43.7,0.0
Dingy Robe,9,49.9,62.4,49.9,49.9,71.6,41.2,54.2,45.5,33.8,45.5,0.0
Dingy Robe,10,55.7,69.6,55.7,55.7,79.9,46.0,60.5,49.0,36.4,49.0,0.0
Eastern Armor,0,45.0,42.7,55.8,43.6,15.0,33.0,18.0,38.0,28.0,0,20.0
Eastern Armor,1,48.6,46.2,60.3,47.1,16.2,35.6,19.4,39.9,29.4,0,20.0
Eastern Armor,2,53.6,50.9,66.4,51.9,17.9,39.3,21.4,41.4,30.5,0,20.0
Eastern Armor,3,58.0,55.1,72.0,56.3,19.3,42.6,23.2,43.3,31.9,0,20.0
Eastern Armor,4,62.5,59.4,77.6,60.7,20.9,45.9,25.0,44.8,33.0,0,20.0
Eastern Armor,5,69.7,66.3,86.5,67.7,23.2,51.1,27.9,48.3,35.6,0,20.0
Eastern Gauntlets,0,6.0,5.7,7.4,5.8,1.0,4.0,2.0,5.0,4.0,0,2.0
Eastern Gauntlets,1,6.5,6.2,8.0,6.3,1.1,4.3,2.2,5.2,4.2,0,2.0
Eastern Gauntlets,2,7.1,6.8,8.9,6.9,1.2,4.8,2.4,5.4,4.4,0,2.0
Eastern Gauntlets,3,7.7,7.4,9.6,7.5,1.3,5.2,2.6,5.7,4.6,0,2.0
Eastern Gauntlets,4,8.3,7.9,10.3,8.1,1.4,5.6,2.8,5.9,4.7,0,2.0
Eastern Gauntlets,5,9.3,8.8,11.5,9.0,1.5,6.2,3.1,6.3,5.1,0,2.0
Eastern Helm,0,17.0,16.1,21.1,16.5,6.0,12.0,7.0,15.0,11.0,0,8.0
Eastern Helm,1,18.4,17.4,22.8,17.8,6.5,13.0,7.6,15.7,11.5,0,8.0
Eastern Helm,2,20.2,19.2,25.1,19.6,7.1,14.3,8.3,16.4,12.0,0,8.0
Eastern Helm,3,21.9,20.8,27.2,21.3,7.7,15.5,9.0,17.1,12.5,0,8.0
Eastern Helm,4,23.6,22.4,29.3,22.9,8.3,16.7,9.7,17.7,13.0,0,8.0
Eastern Helm,5,26.3,25.0,32.7,25.6,9.3,18.6,10.8,19.1,14.0,0,8.0
Eastern Leggings,0,15.0,14.2,18.6,14.5,5.0,11.0,6.0,12.0,10.0,0,6.0
Eastern Leggings,1,16.2,15.4,20.1,15.7,5.4,11.9,6.5,12.6,10.5,0,6.0
Eastern Leggings,2,17.9,17.0,22.1,17.3,6.0,13.1,7.1,13.1,10.9,0,6.0
Eastern Leggings,3,19.3,18.4,24.0,18.8,6.4,14.2,7.7,13.7,11.4,0,6.0
Eastern Leggings,4,20.9,19.8,25.9,20.2,6.9,15.3,8.3,14.2,11.8,0,6.0
Eastern Leggings,5,23.2,22.1,28.8,22.6,7.7,17.0,9.3,15.2,12.7,0,6.0
Elite Cleric Armor,0,41.0,41.0,46.7,41.0,23.0,21.0,15.0,23.0,16.0,0,23.0
Elite Cleric Armor,1,45.0,45.1,51.4,45.1,25.0,23.0,16.0,23.0,16.0,0,23.0
Elite Cleric Armor,2,49.0,49.2,56.1,49.2,27.0,25.0,18.0,23.0,16.0,0,23.0
Elite Cleric Armor,3,53.0,53.3,60.8,53.3,29.0,27.0,19.0,23.0,16.0,0,23.0
Elite Cleric Armor,4,58.0,58.6,66.8,58.6,32.0,30.0,21.0,24.2,16.8,0,23.0
Elite Cleric Armor,5,63.0,64.0,72.9,64.0,35.0,32.0,23.0,25.3,17.6,0,23.0
Elite Cleric Armor,6,69.0,69.3,79.0,69.3,38.0,35.0,25.0,26.4,18.4,0,23.0
Elite Cleric Armor,7,75.0,75.9,86.5,75.9,42.0,38.0,27.0,27.6,19.2,0,23.0
Elite Cleric Armor,8,82.0,82.4,93.9,82.4,46.0,42.0,30.0,28.8,20.0,0,23.0
Elite Cleric Armor,9,88.0,89.0,101.4,89.0,49.0,45.0,32.0,29.9,20.8,0,23.0
Elite Cleric Armor,10,99.0,99.2,113.1,99.2,55.0,50.0,36.0,32.2,22.4,0,23.0
Elite Cleric Gauntlets,0,24.0,24.0,27.4,24.0,13.0,12.0,9.0,14.0,9.0,0,14.0
Elite Cleric Gauntlets,1,26.4,26.4,30.1,26.4,14.3,13.2,9.9,14.0,9.0,0,14.0
Elite Cleric Gauntlets,2,28.8,28.8,32.8,28.8,15.6,14.4,10.8,14.0,9.0,0,14.0
Elite Cleric Gauntlets,3,31.2,31.2,35.6,31.2,16.9,15.6,11.7,14.0,9.0,0,14.0
Elite Cleric Gauntlets,4,34.3,34.3,39.1,34.3,18.6,17.2,12.9,14.7,9.4,0,14.0
Elite Cleric Gauntlets,5,37.4,37.4,42.7,37.4,20.3,18.7,14.0,15.4,9.9,0,14.0
Elite Cleric Gauntlets,6,40.6,40.6,46.2,40.6,22.0,22.3,15.2,16.1,10.4,0,14.0
Elite Cleric Gauntlets,7,44.4,44.4,50.2,44.4,24.1,22.2,16.6,16.8,10.8,0,14.0
Elite Cleric Gauntlets,8,48.2,48.2,55.0,48.2,26.1,24.1,18.1,17.5,11.2,0,14.0
Elite Cleric Gauntlets,9,52.1,52.1,59.4,52.1,28.2,26.1,19.5,18.2,11.7,0,14.0
Elite Cleric Gauntlets,10,58.1,58.1,66.2,58.1,31.5,29.0,21.8,19.6,12.6,0,14.0
Elite Cleric Helm,0,16.0,16.0,18.2,16.0,9.0,8.0,6.0,9.0,6.0,0,8.0
Elite Cleric Helm,1,17.6,17.6,20.1,17.6,9.9,8.8,6.6,9.0,6.0,0,8.0
Elite Cleric Helm,2,19.2,19.2,21.9,19.2,10.8,9.6,7.2,9.0,6.0,0,8.0
Elite Cleric Helm,3,20.8,20.8,23.7,20.8,11.7,10.4,7.8,9.0,6.0,0,8.0
Elite Cleric Helm,4,22.9,22.9,26.1,22.9,12.9,11.4,8.6,9.4,6.3,0,8.0
Elite Cleric Helm,5,25.0,25.0,28.5,25.0,14.0,12.5,9.4,9.9,6.6,0,8.0
Elite Cleric Helm,6,27.0,27.0,30.8,27.0,15.2,13.5,10.1,10.4,6.9,0,8.0
Elite Cleric Helm,7,29.6,29.6,33.7,29.6,16.6,14.8,11.1,10.8,7.2,0,8.0
Elite Cleric Helm,8,32.2,32.2,36.7,32.2,18.1,16.1,12.1,11.2,7.5,0,8.0
Elite Cleric Helm,9,34.7,34.7,39.6,34.7,19.5,17.4,13.0,11.7,7.8,0,8.0
Elite Cleric Helm,10,38.7,38.7,44.1,38.7,21.8,19.4,14.5,12.5,8.4,0,8.0
Elite Cleric Leggings,0,24.0,24.0,27.4,24.0,13.0,12.0,9.0,14.0,9.0,0,14.0
Elite Cleric Leggings,1,26.4,26.4,30.1,26.4,14.3,13.2,9.9,14.0,9.0,0,14.0
Elite Cleric Leggings,2,28.8,28.8,32.8,28.8,15.6,14.4,10.8,14.0,9.0,0,14.0
Elite Cleric Leggings,3,31.2,31.2,35.6,31.2,16.9,15.6,11.7,14.0,9.0,0,14.0
Elite Cleric Leggings,4,34.3,34.3,39.1,34.3,18.6,17.2,12.9,14.7,9.4,0,14.0
Elite Cleric Leggings,5,37.4,37.4,42.7,37.4,20.3,18.7,14.0,15.4,9.9,0,14.0
Elite Cleric Leggings,6,40.6,40.6,46.2,40.6,22.0,22.3,15.2,16.1,10.4,0,14.0
Elite Cleric Leggings,7,44.4,44.4,50.2,44.4,24.1,22.2,16.6,16.8,10.8,0,14.0
Elite Cleric Leggings,8,48.2,48.2,55.0,48.2,26.1,24.1,18.1,17.5,11.2,0,14.0
Elite Cleric Leggings,9,52.1,52.1,59.4,52.1,28.2,26.1,19.5,18.2,11.7,0,14.0
Elite Cleric Leggings,10,58.1,58.1,66.2,58.1,31.5,29.0,21.8,19.6,12.6,0,14.0
Elite Knight Armor,0,39.0,37.8,45.2,39.0,17.0,18.0,15.0,23.0,16.0,0,20.0
Elite Knight Armor,1,42.9,41.6,49.8,42.9,18.7,19.8,16.5,23.0,16.0,0,20.0
Elite Knight Armor,2,46.8,45.4,54.3,46.8,20.4,21.6,18.0,23.0,16.0,0,20.0
Elite Knight Armor,3,50.7,49.2,58.8,50.7,22.1,23.4,19.5,23.0,16.0,0,20.0
Elite Knight Armor,4,55.8,54.1,64.7,55.8,24.3,25.7,21.4,24.1,16.8,0,20.0
Elite Knight Armor,5,60.8,59.0,70.6,60.8,26.5,28.1,23.4,25.3,17.6,0,20.0
Elite Knight Armor,6,65.9,63.9,76.5,65.9,28.7,30.4,25.4,26.4,18.4,0,20.0
Elite Knight Armor,7,72.2,70.0,83.7,72.2,31.5,33.3,27.7,27.6,19.2,0,20.0
Elite Knight Armor,8,78.4,76.0,90.9,78.4,34.2,36.2,30.1,28.7,20.0,0,20.0
Elite Knight Armor,9,84.6,82.1,98.2,84.6,36.9,39.1,32.6,29.9,20.8,0,20.0
Elite Knight Armor,10,94.4,91.5,109.5,94.4,41.1,43.6,36.3,32.2,22.4,0,20.0
Elite Knight Gauntlets,0,18.0,17.5,20.9,18.0,7.0,8.0,5.0,7.0,5.0,0,6.0
Elite Knight Gauntlets,1,19.8,19.2,23.0,19.8,7.7,8.8,5.5,7.0,5.0,0,6.0
Elite Knight Gauntlets,2,21.6,21.0,25.1,21.6,8.4,9.6,6.0,7.0,5.0,0,6.0
Elite Knight Gauntlets,3,23.4,22.7,27.1,23.4,9.1,10.4,6.5,7.0,5.0,0,6.0
Elite Knight Gauntlets,4,25.7,25.0,29.9,25.7,10.0,11.4,7.1,7.3,5.2,0,6.0
Elite Knight Gauntlets,5,28.1,27.2,32.6,28.1,10.9,12.5,7.8,7.7,5.5,0,6.0
Elite Knight Gauntlets,6,30.4,29.5,35.3,30.4,11.8,13.5,8.5,8.1,5.7,0,6.0
Elite Knight Gauntlets,7,33.3,32.3,38.6,3.33,12.9,14.8,9.2,8.4,6.0,0,6.0
Elite Knight Gauntlets,8,36.2,35.1,42.0,33.2,14.1,16.1,10.1,8.7,6.2,0,6.0
Elite Knight Gauntlets,9,39.1,37.9,45.3,39.1,15.2,17.4,10.9,9.1,6.5,0,6.0
Elite Knight Gauntlets,10,43.6,42.4,50.5,43.6,16.9,19.4,12.1,9.8,7.0,0,6.0
Elite Knight Helm,0,15.0,14.6,17.4,15.0,7.0,8.0,6.0,9.0,6.0,0,8.0
Elite Knight Helm,1,16.4,16.0,19.1,16.5,7.7,8.8,6.6,9.0,6.0,0,8.0
Elite Knight Helm,2,18.0,17.5,20.9,18.0,8.4,9.6,7.2,9.0,6.0,0,8.0
Elite Knight Helm,3,19.5,18.9,22.6,19.5,9.1,10.4,7.8,9.0,6.0,0,8.0
Elite Knight Helm,4,21.4,20.8,24.9,21.4,10.0,11.4,8.6,9.4,6.3,0,8.0
Elite Knight Helm,5,23.4,22.7,27.1,23.4,10.9,12.5,9.4,9.9,6.6,0,8.0
Elite Knight Helm,6,25.4,24.6,29.4,25.4,11.8,13.2,10.1,10.3,6.9,0,8.0
Elite Knight Helm,7,27.7,26.9,32.2,27.7,12.9,14.8,11.1,10.8,7.2,0,8.0
Elite Knight Helm,8,30.1,29.2,35.0,30.1,14.1,16.1,12.1,11.2,7.5,0,8.0
Elite Knight Helm,9,32.6,31.6,37.8,32.6,15.2,17.4,13.0,11.7,7.8,0,8.0
Elite Knight Helm,10,36.3,35.2,42.1,36.3,16.9,19.4,14.5,12.6,8.4,0,8.0
Elite Knight Leggings,0,23.0,22.3,26.7,23.0,11.0,11.0,9.0,14.0,9.0,0,12.0
Elite Knight Leggings,1,25.3,24.5,29.3,25.3,12.1,12.1,9.9,14.0,9.0,0,12.0
Elite Knight Leggings,2,27.6,26.8,32.0,27.6,13.2,13.2,10.8,14.0,9.0,0,12.0
Elite Knight Leggings,3,29.9,29.0,34.7,29.9,14.3,14.3,11.7,14.0,9.0,0,12.0
Elite Knight Leggings,4,32.9,31.9,38.2,32.9,15.7,15.7,12.9,14.7,9.5,0,12.0
Elite Knight Leggings,5,35.9,34.8,41.6,35.9,17.2,17.2,14.0,15.4,9.9,0,12.0
Elite Knight Leggings,6,38.9,37.7,45.1,38.9,18.6,18.6,15.2,16.1,10.3,0,12.0
Elite Knight Leggings,7,42.5,41.3,49.4,42.5,20.4,20.4,16.6,16.8,10.8,0,12.0
Elite Knight Leggings,8,46.2,44.8,53.6,46.2,22.1,22.1,18.1,17.5,11.2,0,12.0
Elite Knight Leggings,9,49.9,48.4,57.9,49.9,23.9,23.9,19.5,18.2,11.7,0,12.0
Elite Knight Leggings,10,55.7,54.0,64.6,55.7,26.6,26.6,21.8,19.6,12.6,0,12.0
Embraced Armor of Favor,0,48.0,45.6,55.7,48.0,23.0,30.0,19.0,28.0,22.0,22.0,20.0
Embraced Armor of Favor,1,51.8,49.2,60.1,51.8,24.8,32.4,20.5,29.4,23.1,23.1,20.0
Embraced Armor of Favor,2,57.1,54.3,66.3,57.1,27.4,35.7,22.6,30.5,24.0,24.0,20.0
Embraced Armor of Favor,3,61.9,58.8,71.8,61.9,29.7,38.7,24.5,31.9,25.1,25.1,20.0
Embraced Armor of Favor,4,66.7,63.4,77.4,66.7,32.0,41.7,26.4,33.0,26.0,26.0,20.0
Embraced Armor of Favor,5,74.4,70.7,86.3,74.4,35.6,46.5,29.4,35.6,27.9,27.9,20.0
Fang Boar Helm,0,26.0,23.4,31.2,26.0,5.0,4.0,4.0,13.0,8.0,0,12.0
Fang Boar Helm,1,28.1,25.3,33.7,28.1,5.4,4.3,4.3,13.7,8.4,0,12.0
Fang Boar Helm,2,30.9,27.8,37.1,30.9,6.0,4.8,4.8,14.2,8.7,0,12.0
Fang Boar Helm,3,33.5,30.2,40.2,33.5,6.4,5.2,5.2,14.8,9.1,0,12.0
Fang Boar Helm,4,36.1,32.5,43.4,36.1,6.9,5.6,5.6,15.3,9.4,0,12.0
Fang Boar Helm,5,40.3,36.3,48.4,40.3,7.7,6.2,6.2,16.5,10.2,0,12.0
Gargoyle Helm,0,15.0,12.3,19.1,13.7,15.0,15.0,15.0,22.0,19.0,0,8.0
Gargoyle Helm,1,16.2,13.3,20.6,14.7,16.2,16.2,16.2,23.1,19.0,0,8.0
Gargoyle Helm,2,17.9,14.6,22.7,16.2,17.9,17.9,17.9,24.0,20.7,0,8.0
Gargoyle Helm,3,19.3,15.9,24.6,17.6,19.3,19.3,19.3,25.1,21.7,0,8.0
Gargoyle Helm,4,20.9,17.1,26.5,19.0,20.9,20.9,20.9,26.0,22.4,0,8.0
Gargoyle Helm,5,23.2,19.1,29.5,21.2,23.3,23.3,23.3,27.9,24.1,0,8.0
Gauntlets of Artorias,0,20.0,18.0,23.0,21.0,10.0,21.0,10.0,10.0,10.0,9.0,7.0
Gauntlets of Artorias,1,21.6,19.4,24.8,22.7,10.8,22.7,10.8,10.5,10.5,9.5,7.0
Gauntlets of Artorias,2,23.8,21.4,27.4,25.0,11.9,25.0,11.9,10.9,10.9,9.8,7.0
Gauntlets of Artorias,3,25.8,23.2,29.7,27.1,12.9,27.1,12.9,11.4,11.4,10.3,7.0
Gauntlets of Artorias,4,27.8,25.0,32.0,29.2,13.9,29.2,13.9,11.8,11.8,10.6,7.0
Gauntlets of Artorias,5,31.0,27.9,35.6,32.5,15.5,32.5,15.5,12.7,12.7,11.4,7.0
Gauntlets of Favor,0,21.0,19.9,24.4,21.0,10.0,12.0,8.0,11.0,10.0,10.0,8.0
Gauntlets of Favor,1,22.7,21.5,26.3,22.7,10.8,13.0,8.6,11.6,10.5,10.5,8.0
Gauntlets of Favor,2,25.0,23.7,29.0,25.0,11.9,14.3,9.5,12.0,10.9,10.9,8.0
Gauntlets of Favor,3,27.1,25.9,31.4,27.1,12.9,15.5,10.3,12.5,11.4,11.4,8.0
Gauntlets of Favor,4,29.2,27.7,33.9,29.2,13.9,16.7,11.1,13.0,11.8,11.8,8.0
Gauntlets of Favor,5,32.5,30.9,37.8,32.5,15.5,18.6,12.4,14.0,12.7,12.7,8.0
Gauntlets of Thorns,0,26.0,24.7,28.3,26.0,16.0,18.0,12.0,16.0,10.0,0,9.0
Gauntlets of Thorns,1,28.1,26.7,30.6,28.1,17.3,19.4,13.0,16.8,10.5,0,9.0
Gauntlets of Thorns,2,30.9,29.4,33.7,30.9,19.0,21.4,14.3,17.4,10.9,0,9.0
Gauntlets of Thorns,3,33.5,31.9,36.6,33.5,20.6,23.2,15.5,18.2,11.4,0,9.0
Gauntlets of Thorns,4,36.1,34.3,39.4,36.1,22.2,25.0,16.7,18.9,11.8,0,9.0
Gauntlets of Thorns,5,40.3,38.3,43.9,40.3,24.8,27.9,18.6,20.3,12.7,0,9.0
Giant Armor,0,72.0,66.2,81.4,72.0,32.0,48.0,33.0,32.0,19.0,0,35.0
Giant Armor,1,77.8,71.5,87.9,77.8,34.6,51.8,35.6,33.6,19.9,0,35.0
Giant Armor,2,85.7,78.8,96.8,85.7,38.1,57.1,39.3,34.9,20.7,0,35.0
Giant Armor,3,92.9,85.4,105.0,92.9,41.3,61.9,42.6,36.5,21.7,0,35.0
Giant Armor,4,100.1,92.1,113.1,100.1,44.5,66.7,45.9,37.8,22.4,0,35.0
Giant Armor,5,111.6,102.7,126.1,111.6,49.6,74.4,51.1,40.6,24.1,0,35.0
Giant Gauntlets,0,41.0,37.7,46.3,41.0,19.0,29.0,19.0,19.0,11.0,0,21.0
Giant Gauntlets,1,44.3,40.7,50.0,44.3,20.5,31.3,20.5,19.9,11.5,0,21.0
Giant Gauntlets,2,48.8,44.9,55.1,48.8,22.6,34.5,22.6,20.7,12.0,0,21.0
Giant Gauntlets,3,52.9,48.7,59.8,52.9,24.5,37.4,24.5,21.7,12.5,0,21.0
Giant Gauntlets,4,57.0,52.4,64.4,57.0,26.4,40.3,26.4,22.4,13.0,0,21.0
Giant Gauntlets,5,63.5,58.5,71.8,63.5,29.4,44.9,29.4,24.1,14.0,0,21.0
Giant Helm,0,27.0,24.8,30.5,27.0,13.0,19.0,13.0,13.0,8.0,0,14.0
Giant Helm,1,29.2,26.8,33.0,29.2,14.0,20.5,14.0,13.7,8.4,0,14.0
Giant Helm,2,32.1,29.6,36.3,32.1,15.5,22.6,15.5,14.2,8.7,0,14.0
Giant Helm,3,34.8,32.0,39.4,34.8,16.8,24.5,16.8,14.8,9.1,0,14.0
Giant Helm,4,37.5,34.5,42.4,37.5,18.1,26.4,18.1,15.3,9.4,0,14.0
Giant Helm,5,41.9,38.5,47.3,41.9,20.2,29.4,20.2,16.5,10.2,0,14.0
Giant Leggings,0,41.0,37.7,46.3,41.0,19.0,29.0,19.0,19.0,11.0,0,21.0
Giant Leggings,1,44.3,40.7,50.0,44.3,20.5,31.3,20.5,19.9,11.5,0,21.0
Giant Leggings,2,48.8,44.9,55.1,48.8,22.6,34.5,22.6,20.7,12.0,0,21.0
Giant Leggings,3,52.9,48.7,59.8,52.9,24.5,37.4,24.5,21.7,12.5,0,21.0
Giant Leggings,4,57.0,52.4,64.4,57.0,26.4,40.3,26.4,22.4,13.0,0,21.0
Giant Leggings,5,63.6,58.5,71.8,63.6,29.5,44.9,29.5,24.1,14.0,0,21.0
Gough's Armor,0,50.0,50.0,52.5,47.5,28.0,41.0,21.0,21.0,12.0,0,19.0
Gough's Armor,1,54.0,54.0,56.7,51.3,30.2,44.3,22.7,22.1,12.6,0,19.0
Gough's Armor,2,59.5,59.5,62.5,56.5,33.3,48.8,25.0,22.9,13.1,0,19.0
Gough's Armor,3,64.5,64.5,67.7,61.3,36.1,52.9,27.1,23.9,13.7,0,19.0
Gough's Armor,4,69.5,69.5,73.0,66.0,38.9,57.0,29.2,24.8,14.2,0,19.0
Gough's Armor,5,77.5,77.5,81.4,73.6,43.4,63.5,32.5,26.7,15.2,0,19.0
Gough's Gauntlets,0,27.0,27.0,28.3,25.6,15.0,22.0,11.0,11.0,6.0,0,12.0
Gough's Gauntlets,1,29.2,29.2,30.6,27.7,16.2,23.8,11.9,11.6,6.3,0,12.0
Gough's Gauntlets,2,32.1,32.1,33.7,30.5,17.9,26.2,13.1,12.0,6.5,0,12.0
Gough's Gauntlets,3,34.8,34.8,36.6,33.1,19.3,28.4,14.2,12.5,6.8,0,12.0
Gough's Gauntlets,4,37.5,37.5,39.4,35.7,20.9,30.6,15.3,13.0,7.1,0,12.0
Gough's Gauntlets,5,41.8,41.8,43.9,39.8,23.3,34.1,17.0,14.0,7.6,0,12.0
Gough's Helm,0,25.0,25.0,26.2,23.8,14.0,21.0,11.0,11.0,6.0,0,9.0
Gough's Helm,1,27.0,27.0,28.4,25.7,15.1,22.7,11.9,11.6,6.3,0,9.0
Gough's Helm,2,29.8,29.8,31.2,28.3,16.7,25.0,13.1,12.0,6.5,0,9.0
Gough's Helm,3,32.2,32.2,33.9,30.6,18.1,27.1,14.2,12.5,6.8,0,9.0
Gough's Helm,4,34.7,34.7,36.5,33.0,19.5,29.2,15.3,13.0,7.1,0,9.0
Gough's Helm,5,38.8,38.8,40.7,36.8,21.7,32.5,17.0,14.0,7.6,0,9.0
Gough's Leggings,0,31.0,31.0,32.5,29.4,17.0,25.0,13.0,13.0,7.0,0,13.0
Gough's Leggings,1,33.5,33.5,35.2,31.8,18.4,27.0,14.0,13.7,7.3,0,13.0
Gough's Leggings,2,36.9,36.9,38.7,35.0,20.2,29.8,15.5,14.2,7.6,0,13.0
Gough's Leggings,3,40.0,40.0,42.0,38.0,21.9,32.2,16.8,14.2,8.0,0,13.0
Gough's Leggings,4,43.1,43.1,45.1,40.9,23.6,34.7,18.1,15.3,8.3,0,13.0
Gough's Leggings,5,48.0,48.0,50.5,45.6,26.3,38.8,20.1,16.5,8.9,0,13.0
Hard Leather Armor,0,26.0,27.6,26.0,26.0,20.0,13.0,23.0,23.0,20.0,0,0.0
Hard Leather Armor,1,28.6,30.3,28.6,28.6,22.0,14.3,25.3,23.0,20.0,0,0.0
Hard Leather Armor,2,31.2,33.1,31.2,31.2,24.0,15.6,27.6,23.0,20.0,0,0.0
Hard Leather Armor,3,33.8,35.8,33.8,33.8,26.0,16.9,29.9,23.0,20.0,0,0.0
Hard Leather Armor,4,37.2,39.4,37.2,37.2,28.6,18.6,32.9,24.1,21.0,0,0.0
Hard Leather Armor,5,40.6,43.0,40.6,40.6,31.2,20.3,35.9,25.3,22.0,0,0.0
Hard Leather Armor,6,43.9,46.6,43.9,43.9,33.8,22.0,38.9,26.4,23.0,0,0.0
Hard Leather Armor,7,48.1,51.0,48.1,48.1,37.0,24.1,42.5,27.6,24.0,0,0.0
Hard Leather Armor,8,52.3,55.4,52.3,52.3,40.2,26.1,46.2,28.7,25.0,0,0.0
Hard Leather Armor,9,56.4,59.4,56.4,56.4,43.4,28.2,49.9,29.9,26.0,0,0.0
Hard Leather Armor,10,62.9,66.7,62.9,62.9,48.4,31.5,55.7,32.2,28.0,0,0.0
Hard Leather Boots,0,13.0,13.8,13.0,13.0,12.0,7.0,13.0,14.0,12.0,0,0.0
Hard Leather Boots,1,14.3,15.2,14.3,14.3,13.2,7.7,14.3,14.0,12.0,0,0.0
Hard Leather Boots,2,15.6,16.5,15.6,15.6,14.4,8.4,15.6,14.0,12.0,0,0.0
Hard Leather Boots,3,16.9,17.9,16.9,16.9,15.6,9.1,16.9,14.0,12.0,0,0.0
Hard Leather Boots,4,18.6,19.7,18.6,18.6,17.2,10.0,18.6,14.7,12.6,0,0.0
Hard Leather Boots,5,20.3,21.5,20.3,20.3,18.7,10.9,20.3,15.4,13.2,0,0.0
Hard Leather Boots,6,22.0,23.3,22.0,22.0,20.3,11.8,22.0,16.1,13.8,0,0.0
Hard Leather Boots,7,24.1,25.5,24.1,24.1,22.2,12.3,24.1,16.8,14.4,0,0.0
Hard Leather Boots,8,26.1,27.7,26.1,26.1,24.1,14.1,26.1,17.5,15.0,0,0.0
Hard Leather Boots,9,28.2,29.9,28.2,28.2,26.0,15.2,28.2,18.2,15.6,0,0.0
Hard Leather Boots,10,31.5,33.3,31.5,31.5,29.0,16.9,31.5,19.6,16.8,0,0.0
Hard Leather Gauntlets,0,13.0,13.8,13.0,13.0,12.0,7.0,13.0,14.0,12.0,0,0.0
Hard Leather Gauntlets,1,14.3,15.2,14.3,14.3,13.2,7.7,14.3,14.0,12.0,0,0.0
Hard Leather Gauntlets,2,15.6,16.5,15.6,15.6,14.4,8.4,15.6,14.0,12.0,0,0.0
Hard Leather Gauntlets,3,16.9,17.9,16.9,16.9,15.6,9.1,16.9,14.0,12.0,0,0.0
Hard Leather Gauntlets,4,18.6,19.7,18.6,18.6,17.2,10.0,18.6,14.7,12.6,0,0.0
Hard Leather Gauntlets,5,20.3,21.5,20.3,20.3,18.7,10.9,20.3,15.4,13.2,0,0.0
Hard Leather Gauntlets,6,22.0,23.3,22.0,22.0,20.3,11.8,22.0,16.1,13.8,0,0.0
Hard Leather Gauntlets,7,24.1,25.5,24.1,24.1,22.2,12.3,24.1,16.8,14.4,0,0.0
Hard Leather Gauntlets,8,26.1,27.7,26.1,26.1,24.1,14.1,26.1,17.5,15.0,0,0.0
Hard Leather Gauntlets,9,28.2,29.9,28.2,28.2,26.0,15.2,28.2,18.2,15.6,0,0.0
Hard Leather Gauntlets,10,31.5,33.3,31.5,31.5,29.0,16.9,31.5,19.6,16.8,0,0.0
Heavy Boots,0,12.0,13.3,12.0,12.0,14.0,18.0,10.0,14.0,35.0,1.0,0.0
Heavy Boots,1,13.2,14.7,13.2,13.2,15.4,19.8,11.0,14.0,35.0,1.0,0.0
Heavy Boots,2,14.4,16.0,14.4,14.4,16.8,21.6,12.0,14.0,35.0,1.0,0.0
Heavy Boots,3,15.6,17.3,15.6,15.6,18.2,23.4,13.0,14.0,35.0,1.0,0.0
Heavy Boots,4,17.2,19.0,17.2,17.2,20.0,25.7,14.3,14.7,36.7,1.0,0.0
Heavy Boots,5,18.7,20.8,18.7,18.7,21.8,28.1,15.6,15.4,38.5,1.1,0.0
Heavy Boots,6,20.3,22.5,20.3,20.3,23.7,30.4,16.9,16.1,40.2,1.1,0.0
Heavy Boots,7,22.2,24.6,22.2,22.2,25.9,33.3,18.5,16.8,42.0,1.2,0.0
Heavy Boots,8,24.1,26.8,24.1,24.1,28.1,36.2,20.1,17.5,43.7,1.2,0.0
Heavy Boots,9,26.0,28.9,26.0,26.0,30.4,39.1,21.7,18.2,45.5,1.3,0.0
Heavy Boots,10,29.0,32.3,29.0,29.0,33.9,43.6,24.2,19.6,49.0,1.4,0.0
Helm of Artorias,0,18.0,16.2,20.7,18.9,9.0,19.0,9.0,9.0,9.0,9.0,6.0
Helm of Artorias,1,19.4,17.5,22.4,20.4,9.7,20.5,9.7,9.4,9.5,9.5,6.0
Helm of Artorias,2,21.4,19.3,24.6,22.5,10.7,22.6,10.7,9.8,9.8,9.8,6.0
Helm of Artorias,3,23.2,20.9,26.7,24.4,11.6,24.5,11.6,10.3,10.3,10.3,6.0
Helm of Artorias,4,25.0,22.5,28.8,26.3,12.5,26.4,12.5,10.6,10.6,10.6,6.0
Helm of Artorias,5,27.9,25.1,32.1,29.3,13.9,29.4,13.9,11.4,11.4,11.4,6.0
Helm of Favor,0,18.0,17.1,20.9,18.0,10.0,11.0,7.0,11.0,8.0,8.0,8.0
Helm of Favor,1,19.4,18.5,22.6,19.4,10.8,11.9,7.6,11.6,8.4,8.4,8.0
Helm of Favor,2,21.4,20.3,24.8,21.4,11.9,13.1,8.3,12.0,8.7,8.7,8.0
Helm of Favor,3,23.2,22.1,26.9,23.2,12.9,14.2,9.0,12.5,9.1,9.1,8.0
Helm of Favor,4,25.0,23.8,29.0,25.0,13.9,15.3,9.7,13.0,9.4,9.4,8.0
Helm of Favor,5,27.9,26.5,32.4,27.9,15.5,17.0,10.8,14.0,10.2,10.2,8.0
Helm of Thorns,0,17.0,16.1,18.5,17.0,10.0,12.0,8.0,10.0,7.0,0,6.0
Helm of Thorns,1,18.4,17.4,20.0,18.4,10.8,13.0,8.6,10.5,7.6,0,6.0
Helm of Thorns,2,20.2,19.2,22.1,20.2,11.9,14.3,9.5,10.9,7.6,0,6.0
Helm of Thorns,3,21.9,20.8,23.9,21.9,12.9,15.5,10.3,11.4,8.0,0,6.0
Helm of Thorns,4,23.6,22.4,25.8,23.6,13.9,16.7,11.1,11.8,8.3,0,6.0
Helm of Thorns,5,26.4,25.0,28.7,26.4,15.5,18.6,12.4,12.7,8.9,0,6.0
Hollow Soldier Armor,0,26.0,26.0,28.9,22.9,16.0,17.0,10.0,18.0,13.0,0,12.0
Hollow Soldier Armor,1,28.6,28.6,31.7,25.2,17.6,18.7,11.0,18.0,13.0,0,12.0
Hollow Soldier Armor,2,31.2,31.2,34.6,27.5,19.2,20.4,12.0,18.0,13.0,0,12.0
Hollow Soldier Armor,3,33.8,33.8,37.5,29.7,20.8,22.1,13.0,18.0,13.0,0,12.0
Hollow Soldier Armor,4,37.2,37.2,41.3,32.7,22.9,24.3,14.3,18.9,13.7,0,12.0
Hollow Soldier Armor,5,40.6,40.6,45.0,35.7,25.0,26.5,15.6,19.8,14.3,0,12.0
Hollow Soldier Armor,6,43.9,43.9,48.8,38.7,27.0,28.7,16.9,20.7,15.0,0,12.0
Hollow Soldier Armor,7,48.1,48.1,53.4,42.3,29.6,31.5,18.5,21.6,15.6,0,12.0
Hollow Soldier Armor,8,52.3,52.3,58.0,46.0,32.2,34.2,20.1,22.5,16.2,0,12.0
Hollow Soldier Armor,9,56.4,56.4,62.6,49.6,34.7,36.9,21.7,23.4,16.9,0,12.0
Hollow Soldier Armor,10,62.9,62.9,69.8,55.4,38.7,41.1,24.2,25.2,18.2,0,12.0
Hollow Soldier Helm,0,10.0,10.0,11.1,8.8,6.0,6.0,4.0,7.0,5.0,0,5.0
Hollow Soldier Helm,1,11.0,11.0,12.2,9.7,6.6,6.6,4.4,7.0,5.0,0,5.0
Hollow Soldier Helm,2,12.0,12.0,13.3,10.6,7.2,7.2,4.8,7.0,5.0,0,5.0
Hollow Soldier Helm,3,13.0,13.0,14.4,11.4,7.8,7.8,5.2,7.0,5.0,0,5.0
Hollow Soldier Helm,4,14.3,14.3,15.9,12.6,8.6,8.6,5.7,7.3,5.2,0,5.0
Hollow Soldier Helm,5,15.6,15.6,17.3,13.7,9.4,9.4,6.2,7.7,5.5,0,5.0
Hollow Soldier Helm,6,16.9,16.9,18.8,14.9,10.1,10.1,6.8,8.1,5.7,0,5.0
Hollow Soldier Helm,7,18.5,18.5,20.5,16.3,11.1,11.1,7.4,8.4,6.0,0,5.0
Hollow Soldier Helm,8,20.1,20.1,22.3,17.7,12.1,12.1,8.0,8.7,6.2,0,5.0
Hollow Soldier Helm,9,21.7,21.7,24.1,19.1,13.0,13.0,8.7,9.1,6.5,0,5.0
Hollow Soldier Helm,10,24.2,24.2,26.9,21.3,14.5,14.5,9.7,9.8,7.0,0,5.0
Hollow Soldier Waistcloth,0,13.0,13.0,14.4,11.4,8.0,8.0,6.0,10.0,6.0,0,7.0
Hollow Soldier Waistcloth,1,14.3,14.3,15.9,12.6,8.8,8.8,6.6,10.0,6.0,0,7.0
Hollow Soldier Waistcloth,2,15.6,15.6,17.3,13.7,9.6,9.6,7.2,10.0,6.0,0,7.0
Hollow Soldier Waistcloth,3,16.9,16.9,18.8,14.9,10.4,10.4,7.8,10.0,6.0,0,7.0
Hollow Soldier Waistcloth,4,18.6,18.6,20.6,16.4,11.4,11.4,8.6,10.5,6.3,0,7.0
Hollow Soldier Waistcloth,5,20.3,22.5,20.3,17.8,12.5,12.5,9.4,11.0,6.6,0,7.0
Hollow Soldier Waistcloth,6,22.0,22.0,24.4,19.3,13.5,13.5,10.1,11.5,6.9,0,7.0
Hollow Soldier Waistcloth,7,24.1,24.1,26.7,21.2,14.8,14.8,11.1,12.0,7.2,0,7.0
Hollow Soldier Waistcloth,8,26.1,26.1,29.0,23.0,16.1,16.1,12.1,12.5,7.5,0,7.0
Hollow Soldier Waistcloth,9,28.2,28.2,31.3,24.8,17.4,17.4,13.0,13.0,7.8,0,7.0
Hollow Soldier Waistcloth,10,31.5,31.5,34.9,27.7,19.4,19.4,14.5,14.0,8.4,0,7.0
Hollow Thief's Hood,0,8.0,8.7,8.0,8.3,8.0,5.0,7.0,6.0,11.0,0,0.0
Hollow Thief's Hood,1,8.8,9.6,8.8,9.2,8.8,5.5,7.7,6.0,11.0,0,0.0
Hollow Thief's Hood,2,9.6,10.5,9.6,10.0,9.6,6.0,8.4,6.0,11.0,0,0.0
Hollow Thief's Hood,3,10.4,11.3,10.4,10.8,10.4,6.5,9.1,6.0,11.0,0,0.0
Hollow Thief's Hood,4,11.4,12.5,11.4,11.9,11.4,7.1,10.0,6.3,11.5,0,0.0
Hollow Thief's Hood,5,12.5,13.6,12.5,13.0,12.5,7.8,10.9,6.6,12.1,0,0.0
Hollow Thief's Hood,6,13.5,14.7,13.5,14.1,13.5,8.5,11.8,6.9,12.7,0,0.0
Hollow Thief's Hood,7,14.8,16.1,14.8,15.4,14.8,9.2,12.9,7.2,13.2,0,0.0
Hollow Thief's Hood,8,16.1,17.5,16.1,16.7,16.1,10.1,14.1,7.5,13.7,0,0.0
Hollow Thief's Hood,9,17.4,18.9,17.4,18.1,17.4,10.9,15.2,7.8,14.3,0,0.0
Hollow Thief's Hood,10,19.4,21.1,19.4,20.1,19.4,12.1,16.9,8.4,15.4,0,0.0
Hollow Thief's Leather Armor,0,21.0,22.9,21.0,21.8,20.0,13.0,18.0,15.0,29.0,0,0.0
Hollow Thief's Leather Armor,1,23.1,25.2,23.1,24.0,22.0,14.3,19.8,15.0,29.0,0,0.0
Hollow Thief's Leather Armor,2,25.2,27.5,25.2,26.2,24.0,15.6,21.6,15.0,29.0,0,0.0
Hollow Thief's Leather Armor,3,27.3,29.8,27.3,28.4,26.0,16.9,23.4,15.0,29.0,0,0.0
Hollow Thief's Leather Armor,4,30.0,32.7,30.0,31.2,28.6,18.6,25.7,15.7,30.4,0,0.0
Hollow Thief's Leather Armor,5,32.8,35.7,32.8,34.1,31.2,20.3,28.1,16.5,31.9,0,0.0
Hollow Thief's Leather Armor,6,35.5,38.7,35.5,36.9,33.8,22.0,30.4,17.2,33.3,0,0.0
Hollow Thief's Leather Armor,7,38.9,42.3,38.9,40.4,37.0,24.1,33.3,18.0,34.8,0,0.0
Hollow Thief's Leather Armor,8,42.2,46.0,42.2,43.9,40.2,26.1,36.2,18.7,36.2,0,0.0
Hollow Thief's Leather Armor,9,45.6,49.7,45.6,47.4,43.4,28.2,39.1,19.5,37.7,0,0.0
Hollow Thief's Leather Armor,10,50.8,55.4,50.8,52.9,48.4,31.5,43.6,21.0,40.6,0,0.0
Hollow Thief's Tights,0,12.0,13.1,12.0,12.5,11.0,8.0,10.0,9.0,17.0,0,0.0
Hollow Thief's Tights,1,13.2,14.4,13.2,13.7,12.1,8.8,11.0,9.0,17.0,0,0.0
Hollow Thief's Tights,2,14.4,15.7,14.4,15.0,13.2,9.6,12.0,9.0,17.0,0,0.0
Hollow Thief's Tights,3,15.6,17.0,15.6,16.2,14.3,10.4,13.0,9.0,17.0,0,0.0
Hollow Thief's Tights,4,17.2,18.7,17.6,17.8,15.7,11.4,14.3,9.4,17.8,0,0.0
Hollow Thief's Tights,5,18.7,20.4,18.7,19.5,17.2,12.5,15.6,9.9,18.7,0,0.0
Hollow Thief's Tights,6,20.3,22.1,20.3,21.1,18.6,13.5,16.9,10.3,19.5,0,0.0
Hollow Thief's Tights,7,22.2,24.2,22.2,23.1,20.4,14.8,18.5,10.8,20.4,0,0.0
Hollow Thief's Tights,8,24.1,26.3,24.1,25.1,22.2,16.1,20.1,11.2,21.2,0,0.0
Hollow Thief's Tights,9,26.0,28.4,26.0,27.1,23.9,17.4,21.2,11.7,22.1,0,0.0
Hollow Thief's Tights,10,29.0,31.7,29.0,30.2,26.6,19.4,24.2,12.6,23.8,0,0.0
Hollow Warrior Armor,0,24.0,23.3,24.7,22.8,16.0,12.0,17.0,13.0,13.0,0,8.0
Hollow Warrior Armor,1,26.4,25.6,27.2,25.1,17.6,13.2,18.7,13.0,13.0,0,8.0
Hollow Warrior Armor,2,28.8,27.9,29.7,27.4,19.2,14.4,20.4,13.0,13.0,0,8.0
Hollow Warrior Armor,3,31.2,30.3,32.1,29.6,20.8,15.6,22.1,13.0,13.0,0,8.0
Hollow Warrior Armor,4,34.3,33.3,35.3,32.6,22.9,17.2,24.3,13.7,13.7,0,8.0
Hollow Warrior Armor,5,37.4,36.3,38.6,35.6,25.0,18.7,26.5,14.3,14.3,0,8.0
Hollow Warrior Armor,6,40.6,39.3,41.8,38.5,27.0,20.3,28.7,14.9,15.0,0,8.0
Hollow Warrior Armor,7,44.4,43.1,45.7,42.2,29.6,22.2,31.5,15.6,15.6,0,8.0
Hollow Warrior Armor,8,48.2,46.8,49.7,45.8,32.2,24.1,34.2,16.2,16.2,0,8.0
Hollow Warrior Armor,9,52.1,50.5,53.6,49.5,34.7,26.0,36.9,16.9,16.9,0,8.0
Hollow Warrior Armor,10,58.1,56.3,59.8,55.2,38.7,29.0,41.1,18.2,18.2,0,8.0
Hollow Warrior Helm,0,10.0,9.7,10.3,9.5,6.0,5.0,6.0,5.0,5.0,0,3.0
Hollow Warrior Helm,1,11.0,10.7,11.3,10.4,6.6,5.5,6.6,5.0,5.0,0,3.0
Hollow Warrior Helm,2,12.0,11.6,12.4,11.4,7.2,6.0,7.2,5.0,5.0,0,3.0
Hollow Warrior Helm,3,13.0,12.6,13.4,12.3,7.8,6.5,7.8,5.0,5.0,0,3.0
Hollow Warrior Helm,4,14.3,13.9,14.7,13.6,8.6,7.1,8.6,5.2,5.2,0,3.0
Hollow Warrior Helm,5,15.6,15.1,16.1,14.8,9.4,7.8,9.4,5.5,5.5,0,3.0
Hollow Warrior Helm,6,16.9,16.4,17.4,16.1,10.1,8.5,10.1,5.7,5.7,0,3.0
Hollow Warrior Helm,7,18.5,17.9,19.1,17.6,11.1,9.2,11.1,6.0,6.0,0,3.0
Hollow Warrior Helm,8,20.1,19.5,20.7,19.1,12.1,10.1,12.1,6.2,6.2,0,3.0
Hollow Warrior Helm,9,21.7,21.0,22.4,20.6,13.0,10.9,13.0,6.5,6.5,0,3.0
Hollow Warrior Helm,10,24.2,23.5,24.9,23.0,14.5,12.1,14.5,7.0,7.0,0,3.0
Hollow Warrior Waistcloth,0,13.0,12.6,13.4,12.3,8.0,6.0,8.0,6.0,6.0,0,5.0
Hollow Warrior Waistcloth,1,14.3,13.9,14.7,13.6,8.8,6.6,8.8,6.0,6.0,0,5.0
Hollow Warrior Waistcloth,2,15.6,15.1,16.1,14.8,9.6,7.2,9.6,6.0,6.0,0,5.0
Hollow Warrior Waistcloth,3,16.9,16.4,17.4,16.1,10.4,7.8,10.4,6.0,6.0,0,5.0
Hollow Warrior Waistcloth,4,18.6,18.0,19.1,17.7,11.4,8.6,11.4,6.3,6.3,0,5.0
Hollow Warrior Waistcloth,5,20.3,19.7,20.9,19.3,12.5,9.4,12.5,6.6,6.6,0,5.0
Hollow Warrior Waistcloth,6,22.0,21.3,22.6,20.9,13.5,10.1,13.5,6.9,6.9,0,5.0
Hollow Warrior Waistcloth,7,24.1,23.3,24.8,22.8,14.8,11.1,14.8,7.2,7.2,0,5.0
Hollow Warrior Waistcloth,8,26.1,25.3,26.9,24.8,16.1,12.1,16.1,7.5,7.5,0,5.0
Hollow Warrior Waistcloth,9,28.2,27.4,29.1,26.8,17.4,13.0,17.4,7.8,7.8,0,5.0
Hollow Warrior Waistcloth,10,31.5,30.5,32.4,29.9,19.4,14.5,19.4,8.4,8.4,0,5.0
Holy Robe,0,22.0,26.0,22.0,22.0,23.0,14.0,19.0,24.0,20.0,0,0.0
Holy Robe,1,24.2,28.6,24.2,24.2,25.9,15.4,20.9,24.0,20.0,0,0.0
Holy Robe,2,26.4,31.2,26.4,26.4,27.6,16.8,22.8,24.0,20.0,0,0.0
Holy Robe,3,28.6,33.7,28.6,28.6,29.9,18.2,24.7,24.0,20.0,0,0.0
Holy Robe,4,31.5,37.1,31.5,31.5,32.9,20.0,27.1,25.3,21.0,0,0.0
Holy Robe,5,34.3,40.5,34.3,34.3,35.9,21.8,29.6,26.4,22.0,0,0.0
Holy Robe,6,37.2,43.9,37.2,37.2,38.9,23.7,32.1,27.6,23.0,0,0.0
Holy Robe,7,40.7,48.0,40.7,40.7,42.5,25.9,35.2,28.8,24.0,0,0.0
Holy Robe,8,44.2,52.2,44.2,44.2,46.2,28.1,38.2,30.0,25.0,0,0.0
Holy Robe,9,47.7,56.3,47.7,47.7,49.9,30.4,41.2,31.2,26.0,0,0.0
Holy Robe,10,53.2,62.8,53.2,53.2,55.7,33.9,46.0,33.6,28.0,0,0.0
Holy Trousers,0,14.0,17.0,14.0,14.0,15.0,8.0,12.0,15.0,13.0,0,0.0
Holy Trousers,1,15.4,18.2,15.4,15.4,16.5,8.8,13.2,15.0,13.0,0,0.0
Holy Trousers,2,16.8,19.8,16.8,16.8,18.0,9.6,14.4,15.0,13.0,0,0.0
Holy Trousers,3,18.2,21.5,18.2,18.2,19.5,10.4,15.6,14.0,13.0,0,0.0
Holy Trousers,4,20.0,23.6,20.0,20.0,21.4,11.4,17.2,15.7,13.7,0,0.0
Holy Trousers,5,21.8,25.8,21.8,21.8,23.4,12.5,18.7,16.5,14.3,0,0.0
Holy Trousers,6,23.7,27.9,23.7,23.7,25.4,13.5,20.3,17.2,15.0,0,0.0
Holy Trousers,7,25.9,30.6,25.9,25.9,27.7,14.8,22.2,18.0,15.6,0,0.0
Holy Trousers,8,28.1,33.2,28.1,28.1,30.1,16.1,24.1,18.7,16.2,0,0.0
Holy Trousers,9,30.4,35.8,30.4,35.8,30.4,30.4,32.6,17.4,26.0,0,0.0
Holy Trousers,10,33.9,40.0,33.9,33.9,36.3,19.4,29.0,21.0,18.2,0,0.0
Iron Bracelet,0,17.0,17.0,17.0,16.7,10.0,10.0,9.0,11.0,7.0,2.0,7.0
Iron Bracelet,1,18.7,18.7,18.7,18.3,11.0,11.0,9.9,11.0,7.0,2.0,7.0
Iron Bracelet,2,20.4,20.4,20.4,20.0,12.0,12.0,10.8,11.0,7.0,2.0,7.0
Iron Bracelet,3,22.1,22.1,22.1,21.7,13.0,13.0,11.7,11.0,7.0,2.0,7.0
Iron Bracelet,4,24.3,24.3,24.3,23.8,14.3,14.3,12.9,11.6,7.3,2.1,7.0
Iron Bracelet,5,26.5,26.5,26.5,26.0,15.6,15.6,14.0,12.1,7.7,2.2,7.0
Iron Bracelet,6,28.7,28.7,28.7,28.2,16.9,16.9,15.2,12.7,8.0,2.3,7.0
Iron Bracelet,7,31.5,31.5,31.5,30.8,18.5,18.5,16.6,13.2,8.4,2.4,7.0
Iron Bracelet,8,34.2,34.2,34.2,33.5,20.1,20.1,18.1,13.7,8.7,2.5,7.0
Iron Bracelet,9,36.9,36.9,36.9,36.2,21.7,21.7,19.5,14.3,9.1,2.6,7.0
Iron Bracelet,10,41.1,41.1,41.1,40.3,24.2,24.2,21.8,15.4,9.8,2.8,7.0
Iron Helm,0,14.0,14.0,14.0,13.7,10.0,10.0,9.0,12.0,8.0,2.0,8.0
Iron Helm,1,15.4,15.4,15.4,15.1,11.0,11.0,9.9,12.0,8.0,2.0,8.0
Iron Helm,2,16.8,16.8,16.8,16.5,12.0,12.0,10.8,12.0,8.0,2.0,8.0
Iron Helm,3,18.2,18.2,18.2,17.8,13.0,13.0,11.7,12.0,8.0,2.0,8.0
Iron Helm,4,20.0,20.0,20.0,19.6,14.3,14.3,12.9,12.6,8.4,2.1,8.0
Iron Helm,5,21.8,21.8,21.8,21.4,15.6,15.6,14.0,13.2,8.8,2.2,8.0
Iron Helm,6,23.7,23.7,23.7,23.2,16.9,16.9,15.2,13.8,9.2,2.3,8.0
Iron Helm,7,25.9,25.9,25.9,25.4,18.5,18.5,16.7,14.4,9.6,2.4,8.0
Iron Helm,8,28.1,28.1,28.1,27.6,20.1,20.1,18.1,15.0,10.0,2.5,8.0
Iron Helm,9,30.4,30.4,30.4,29.8,21.7,21.7,19.5,15.6,10.4,2.6,8.0
Iron Helm,10,33.9,33.9,33.9,33.2,24.2,24.2,21.8,16.8,11.2,2.8,8.0
Iron Leggings,0,21.0,21.0,21.0,20.6,12.0,12.0,11.0,14.0,9.0,2.0,9.0
Iron Leggings,1,23.1,23.1,23.1,22.6,13.2,13.2,12.1,14.0,9.0,2.0,9.0
Iron Leggings,2,25.2,25.2,25.2,24.7,14.4,14.4,13.2,14.0,9.0,2.0,9.0
Iron Leggings,3,27.3,27.3,27.3,26.8,15.6,15.6,14.3,14.0,9.0,2.0,9.0
Iron Leggings,4,30.0,30.0,30.0,29.4,17.2,17.2,15.7,14.7,9.5,2.1,9.0
Iron Leggings,5,32.8,32.8,32.8,32.1,18.7,18.7,17.2,15.4,9.9,2.2,9.0
Iron Leggings,6,35.5,35.5,35.5,34.8,20.3,20.3,18.6,16.1,10.3,2.3,9.0
Iron Leggings,7,38.9,38.9,38.9,38.1,22.2,22.2,20.4,16.8,10.8,2.4,9.0
Iron Leggings,8,42.2,42.2,42.2,41.4,24.1,24.1,22.1,17.5,11.2,2.5,9.0
Iron Leggings,9,45.6,45.6,45.6,44.7,26.0,26.0,23.9,18.2,11.7,2.6,9.0
Iron Leggings,10,50.8,50.8,50.8,49.8,29.0,29.0,26.6,19.6,12.6,2.8,9.0
Knight Armor,0,37.0,35.0,43.0,36.0,16.0,18.0,13.0,23.0,16.0,0,20.0
Knight Armor,1,40.7,38.7,47.2,39.9,17.6,19.8,14.3,23.0,16.0,0,20.0
Knight Armor,2,44.4,42.2,51.5,43.5,19.2,21.6,15.6,23.0,16.0,0,20.0
Knight Armor,3,48.1,45.7,55.8,47.1,20.8,23.4,16.9,23.0,16.0,0,20.0
Knight Armor,4,52.9,50.3,61.4,51.9,22.9,25.7,18.6,24.2,16.8,0,20.0
Knight Armor,5,57.7,54.8,67.0,56.6,25.0,28.1,20.3,25.3,17.6,0,20.0
Knight Armor,6,62.5,59.4,72.5,61.3,27.0,30.4,22.0,26.4,18.4,0,20.0
Knight Armor,7,68.5,65.0,79.4,67.1,29.6,33.3,24.1,27.6,19.2,0,20.0
Knight Armor,8,74.4,70.7,86.3,72.9,32.2,36.2,26.1,28.7,20.0,0,20.0
Knight Armor,9,80.3,76.3,93.1,78.7,34.7,39.1,28.2,29.9,20.8,0,20.0
Knight Armor,10,89.5,85.1,103.9,87.7,38.7,43.6,31.5,32.2,22.4,0,20.0
Knight Gauntlets,0,17.0,16.1,19.7,16.7,7.0,8.0,4.0,8.0,5.0,0,6.0
Knight Gauntlets,1,18.7,17.8,21.7,18.3,7.7,8.8,4.4,8.0,5.0,0,6.0
Knight Gauntlets,2,20.4,19.4,23.7,20.0,8.4,9.6,4.6,8.0,5.0,0,6.0
Knight Gauntlets,3,22.1,21.0,25.6,21.7,9.1,10.4,5.2,8.0,5.0,0,6.0
Knight Gauntlets,4,24.3,23.1,28.2,23.8,10.0,11.4,5.7,8.4,5.2,0,6.0
Knight Gauntlets,5,26.5,25.2,30.8,26.0,10.9,12.5,6.2,8.8,5.5,0,6.0
Knight Gauntlets,6,28.7,27.3,33.3,28.2,11.8,13.5,6.8,9.2,5.7,0,6.0
Knight Gauntlets,7,31.5,29.9,36.5,30.8,12.9,14.8,7.4,9.6,6.0,0,6.0
Knight Gauntlets,8,34.2,32.5,39.6,33.5,14.1,16.1,8.0,10.0,6.2,0,6.0
Knight Gauntlets,9,36.9,35.0,42.8,36.2,15.2,17.4,8.7,10.4,6.5,0,6.0
Knight Gauntlets,10,41.1,39.1,47.7,40.3,16.9,19.4,9.7,11.2,7.0,0,6.0
Knight Helm,0,14.0,13.3,16.2,13.7,6.0,8.0,5.0,9.0,6.0,0,8.0
Knight Helm,1,15.4,14.6,17.9,15.1,6.6,8.8,5.5,9.0,6.0,0,8.0
Knight Helm,2,16.8,16.0,19.5,16.5,7.2,9.6,6.0,9.0,6.0,0,8.0
Knight Helm,3,18.2,17.3,21.1,17.8,7.8,10.4,6.5,9.0,6.0,0,8.0
Knight Helm,4,20.0,19.0,23.2,19.6,8.6,11.4,7.1,9.4,6.3,0,8.0
Knight Helm,5,21.8,20.7,25.3,21.4,9.4,12.5,7.8,9.9,6.6,0,8.0
Knight Helm,6,23.7,22.5,27.4,23.2,10.1,13.5,8.5,10.3,6.9,0,8.0
Knight Helm,7,25.9,24.6,30.0,25.4,11.1,14.8,9.2,10.8,7.2,0,8.0
Knight Helm,8,28.1,26.7,32.6,27.6,12.1,16.1,10.1,11.2,7.5,0,8.0
Knight Helm,9,30.4,28.9,35.2,29.8,13.0,17.4,10.9,11.7,7.8,0,8.0
Knight Helm,10,33.9,32.2,39.3,33.2,14.5,19.4,12.1,12.6,8.4,0,8.0
Knight Leggings,0,22.0,20.9,25.5,21.6,10.0,11.0,8.0,14.0,9.0,0,12.0
Knight Leggings,1,24.2,23.0,28.1,23.7,11.0,12.1,8.8,14.0,9.0,0,12.0
Knight Leggings,2,26.4,25.1,30.6,25.9,12.0,13.2,9.6,14.0,9.0,0,12.0
Knight Leggings,3,28.6,27.2,33.2,28.0,13.0,14.3,10.4,14.0,9.0,0,12.0
Knight Leggings,4,31.5,29.9,36.5,30.8,14.3,15.7,11.4,14.7,9.5,0,12.0
Knight Leggings,5,34.3,32.6,39.8,33.6,15.6,17.2,12.5,15.4,9.9,0,12.0
Knight Leggings,6,37.2,35.3,43.1,36.4,16.9,18.6,13.5,16.1,10.3,0,12.0
Knight Leggings,7,40.7,38.7,47.2,39.9,18.5,20.4,14.8,16.8,10.8,0,12.0
Knight Leggings,8,44.2,42.0,51.3,43.3,20.1,22.1,16.1,17.5,11.2,0,12.0
Knight Leggings,9,47.7,45.4,55.4,46.8,21.7,23.9,17.4,18.2,11.7,0,12.0
Knight Leggings,10,53.2,50.6,61.8,52.2,24.2,26.6,19.4,19.6,12.6,0,12.0
Leather Armor,0,24.0,25.4,24.0,24.0,20.0,12.0,23.0,21.0,20.0,0,0.0
Leather Armor,1,26.4,28.0,26.4,26.4,22.0,13.2,25.3,21.0,20.0,0,0.0
Leather Armor,2,28.8,30.5,28.8,28.8,24.0,14.4,27.6,21.0,20.0,0,0.0
Leather Armor,3,31.2,33.1,31.2,31.2,26.0,15.6,29.9,21.0,20.0,0,0.0
Leather Armor,4,34.2,26.4,34.3,34.3,28.6,17.2,32.9,22.1,21.0,0,0.0
Leather Armor,5,37.4,39.7,37.4,37.4,31.2,18.7,35.9,23.1,22.0,0,0.0
Leather Armor,6,40.6,43.0,40.6,40.6,33.8,20.3,38.9,24.2,23.0,0,0.0
Leather Armor,7,44.4,47.1,44.4,44.4,37.0,22.2,42.5,25.2,24.0,0,0.0
Leather Armor,8,48.2,51.1,48.2,48.2,40.2,24.1,46.2,26.2,25.0,0,0.0
Leather Armor,9,52.1,55.2,52.1,52.1,43.4,26.0,49.9,27.3,26.0,0,0.0
Leather Armor,10,58.1,61.6,58.1,58.1,48.4,29.0,55.7,29.4,28.0,0,0.0
Leather Boots,0,12.0,12.7,12.0,12.0,12.0,6.0,13.0,13.0,12.0,0,0.0
Leather Boots,1,13.2,14.0,13.2,13.2,13.2,6.6,14.3,13.0,12.0,0,0.0
Leather Boots,2,14.4,15.3,14.4,14.4,14.4,7.2,15.6,13.0,12.0,0,0.0
Leather Boots,3,15.6,16.5,15.6,15.6,15.6,7.8,16.9,13.0,12.0,0,0.0
Leather Boots,4,17.2,18.2,17.2,17.2,17.2,8.6,18.6,13.7,12.6,0,0.0
Leather Boots,5,18.7,19.8,18.7,18.7,18.7,9.4,20.3,14.3,13.2,0,0.0
Leather Boots,6,20.3,21.5,20.3,20.3,20.3,10.1,22.0,15.0,13.8,0,0.0
Leather Boots,7,22.2,23.5,22.2,22.2,22.2,11.1,24.1,15.6,14.4,0,0.0
Leather Boots,8,24.1,25.6,24.1,24.1,24.1,12.1,26.1,16.2,15.0,0,0.0
Leather Boots,9,26.0,27.6,26.0,26.0,26.0,13.0,28.2,16.9,15.6,0,0.0
Leather Boots,10,29.0,30.8,29.0,29.0,29.0,14.5,31.5,18.2,16.8,0,0.0
Leather Gauntlets,0,12.0,12.0,14.4,11.6,10.0,8.0,4.0,12.0,7.0,0,5.0
Leather Gauntlets,1,13.2,13.2,15.8,12.8,11.0,8.8,4.4,12.0,7.0,0,5.0
Leather Gauntlets,2,14.4,14.4,17.3,14.0,12.0,9.6,4.8,12.0,7.0,0,5.0
Leather Gauntlets,3,15.6,15.6,18.7,15.1,13.0,10.4,5.2,12.0,7.0,0,5.0
Leather Gauntlets,4,17.2,17.2,20.6,16.6,14.3,11.4,5.7,12.6,7.3,0,5.0
Leather Gauntlets,5,18.7,18.7,22.5,18.2,15.6,12.5,6.2,13.2,7.7,0,5.0
Leather Gauntlets,6,20.3,20.3,24.3,19.7,16.9,13.5,6.8,13.8,8.1,0,5.0
Leather Gauntlets,7,22.2,22.2,26.6,21.5,18.5,14.8,7.4,14.4,8.4,0,5.0
Leather Gauntlets,8,24.1,24.1,28.9,23.4,20.1,16.1,8.0,15.0,8.7,0,5.0
Leather Gauntlets,9,26.0,26.0,31.2,25.3,21.7,17.4,8.7,15.6,9.1,0,5.0
Leather Gauntlets,10,29.0,29.0,34.8,28.2,24.2,19.4,9.7,16.8,9.8,0,5.0
Leather Gloves,0,12.0,12.7,12.0,12.0,12.0,6.0,13.0,13.0,12.0,0,0.0
Leather Gloves,1,13.2,14.0,13.2,13.2,13.2,6.6,14.3,13.0,12.0,0,0.0
Leather Gloves,2,14.4,15.3,14.4,14.4,14.4,7.2,15.6,13.0,12.0,0,0.0
Leather Gloves,3,15.6,16.5,15.6,15.6,15.6,7.8,16.9,13.0,12.0,0,0.0
Leather Gloves,4,17.2,18.2,17.1,17.2,17.2,8.6,18.6,13.7,12.6,0,0.0
Leather Gloves,5,18.7,19.8,18.7,18.7,18.7,9.4,20.3,14.3,13.2,0,0.0
Leather Gloves,6,20.3,21.5,20.3,20.3,20.3,10.1,22.0,15.0,13.8,0,0.0
Leather Gloves,7,22.2,23.5,22.2,22.2,22.2,11.1,24.1,15.6,14.4,0,0.0
Leather Gloves,8,24.1,25.6,24.1,24.1,24.1,12.1,26.1,16.2,15.0,0,0.0
Leather Gloves,9,26.0,27.6,26.0,26.0,26.0,13.0,28.2,16.9,15.6,0,0.0
Leather Gloves,10,29.0,30.8,29.0,29.0,29.0,14.5,31.5,18.2,16.8,0,0.0
Leggings of Artorias,0,23.0,20.7,26.4,24.1,11.0,24.0,11.0,11.0,11.0,10.0,9.0
Leggings of Artorias,1,24.8,22.4,28.6,26.1,11.9,25.9,11.9,11.6,11.5,10.5,9.0
Leggings of Artorias,2,27.4,24.6,31.5,28.7,13.1,28.6,13.1,12.0,12.0,10.9,9.0
Leggings of Artorias,3,29.7,26.7,34.1,31.2,14.2,31.0,14.2,12.5,12.5,11.4,9.0
Leggings of Artorias,4,32.0,28.8,36.8,33.6,15.3,33.4,15.3,13.0,13.0,11.8,9.0
Leggings of Artorias,5,35.6,32.1,41.0,37.4,17.0,37.2,17.0,14.0,14.0,12.7,9.0
Leggings of Favor,0,28.0,26.6,32.5,28.0,14.0,18.0,11.0,15.0,14.0,14.0,11.0
Leggings of Favor,1,30.2,28.7,35.1,30.2,15.1,19.4,11.9,15.7,14.7,14.7,11.0
Leggings of Favor,2,33.3,31.7,38.7,33.3,16.7,21.4,13.1,16.3,15.3,15.3,11.0
Leggings of Favor,3,36.1,34.3,41.9,36.1,18.1,23.2,14.2,17.1,16.0,16.0,11.0
Leggings of Favor,4,38.9,37.0,45.1,38.9,19.5,25.0,15.3,17.7,16.5,16.5,11.0
Leggings of Favor,5,43.4,41.2,50.3,43.4,21.7,27.9,17.0,19.1,17.8,17.8,11.0
